0,49,American whole magazine truth,e-enable seamless info-mediaries,gadgets,https://i.picsum.photos/id/659/100/100.jpg?hmac=_nCWkAH7aPLDVKd5cp3ZnVBkduo58ox-zDulNuKlwl4,298.27,true,145
1,17,Peace economy,redefine B2B content,food,https://i.picsum.photos/id/529/100/100.jpg?hmac=aVsDcLHZ8rJjHVsK2cZaHH3lZuDCjVPueRuJAYVNHcI,373.09,false,0
2,60,Beyond its particularly tree whom,syndicate visionary deliverables,gadgets,https://i.picsum.photos/id/450/100/100.jpg?hmac=zzJCVMAuJKcieFWNi-pYpdTBCE4_ns2CNsV5aXQ4dfM,31.70,true,48
3,92,Report size personal partner,transition open-source action-items,gadgets,https://i.picsum.photos/id/807/100/100.jpg?hmac=8LI563VN4hdbxPENxEDaUkc3z26rXQ10X5wEcxSYJ0Y,360.08,true,470
4,72,Draw whose sort,grow e-business infrastructures,gadgets,https://i.picsum.photos/id/609/100/100.jpg?hmac=_Sck-dN28qMZnjQK3ReFEhCPrz6CabGPEu-GIe6ZjUs,448.65,false,0
5,13,Necessary religious natural,transition best-of-breed metrics,misc,https://i.picsum.photos/id/672/100/100.jpg?hmac=NOBni3hPN0DHyUUsAhkw8oUAkNRfS8McsYsgKZhwSXE,300.36,false,0
6,11,Something first drug contain start,integrate back-end info-mediaries,food,https://i.picsum.photos/id/640/100/100.jpg?hmac=w_T17sT5OZPBWOrXtiRegsQxm_lfJ942_gVgOyO5sIY,45.86,true,449
7,19,Successful together,re-contextualize impactful deliverables,gadgets,https://i.picsum.photos/id/1023/100/100.jpg?hmac=RynKv59uMx8F70Hc4gqmog37WZkviXzk2CBUNuugdf8,267.30,true,459
8,86,Stay information every manage political,scale synergistic infrastructures,gadgets,https://i.picsum.photos/id/645/100/100.jpg?hmac=imw3uWdPPKH0x7U0ZrOv6xM8bxjb8tFk7PbF1MpM-18,313.14,false,0
9,75,Friend couple administration even relate,disintermediate frictionless supply-chains,media,https://i.picsum.photos/id/325/100/100.jpg?hmac=IZmJEDbvvCf-s55MDmgIuRAecBe6AykTDpm70ZO0zh0,417.07,true,401
10,18,And off travel,incubate intuitive web-readiness,food,https://i.picsum.photos/id/687/100/100.jpg?hmac=TqwVgHO5lx681MXgF0vDEqGm27B9IAFphza8gM81Oqk,325.24,true,201
11,11,Street break painting create,reinvent 24/7 info-mediaries,clothing,https://i.picsum.photos/id/170/100/100.jpg?hmac=ZyiszZ0eeSjapTy_V1GGITrt2tytZc1SYr1zxzUpAfY,372.07,true,279
12,54,Big employee determine positive go,reinvent leading-edge mindshare,media,https://i.picsum.photos/id/645/100/100.jpg?hmac=imw3uWdPPKH0x7U0ZrOv6xM8bxjb8tFk7PbF1MpM-18,20.76,true,359
13,50,Employee toward like,productize frictionless methodologies,clothing,https://i.picsum.photos/id/301/100/100.jpg?hmac=p-YZa0eopQZ1AmyQTNK3qTUtQ5BNpORoGMbhyrdbkvk,494.98,true,404
14,86,Suddenly garden economy,expedite visionary web services,clothing,https://i.picsum.photos/id/184/100/100.jpg?hmac=x_GGC7WubxFrhe3Zn2KVa-cF07mAmy7XFbo36haPJEI,6.60,false,0
15,72,True power home price check,scale value-added bandwidth,food,https://i.picsum.photos/id/443/100/100.jpg?hmac=Qc859b4rV56XpW_LHEm5VHnSsY2trnxfypMQ-bffHxQ,171.94,true,279
16,35,Drive well good,envisioneer synergistic applications,misc,https://i.picsum.photos/id/75/100/100.jpg?hmac=7ytDkpAUVqhPy85_0S0AMwY1grScL-thQ31ZnwfCzZY,67.91,false,0
17,49,Stock ball organization recognize,leverage web-enabled e-services,media,https://i.picsum.photos/id/1009/100/100.jpg?hmac=KBqISnkELNco7xqpkFZQ6Us9KXdmm61OPvfjVa8-wG8,193.90,false,0
18,4,The nothing sign remember,leverage customized partnerships,gadgets,https://i.picsum.photos/id/458/100/100.jpg?hmac=M9Juut8ZvanYOJ3f96GY35EbUuDHU-2xhxn7eSMNGqk,359.20,false,0
19,67,Traditional page a although,harness extensible bandwidth,food,https://i.picsum.photos/id/785/100/100.jpg?hmac=JohSABGP-pQIPpsxmGeddMbyuiVWlj-xSq05firV3zY,414.53,true,281
20,81,Study candidate,implement wireless methodologies,media,https://i.picsum.photos/id/1036/100/100.jpg?hmac=WdPbnvaOjyywcb7xACYPT9XSLKXcQNLV8pcoN2iYOTU,161.00,true,8
21,91,Woman put,re-intermediate mission-critical solutions,food,https://i.picsum.photos/id/227/100/100.jpg?hmac=D0Y5ug98wzF7wiU8Sf58J8Zi365GqYFkMlRCeRmYw0w,311.83,true,448
22,38,Read consider little,re-contextualize impactful functionalities,food,https://i.picsum.photos/id/778/100/100.jpg?hmac=n-Y86yw6MYyM-Ybnagk4dPTHyn5XhY2XWVW7ciIsSFA,11.35,false,0
23,14,Card minute practice,seize one-to-one eyeballs,gadgets,https://i.picsum.photos/id/140/100/100.jpg?hmac=4Skh7lTq0bdRmnXi_Pkq6odpzJruyj3UDBQWGHkCO-o,435.02,true,21
24,26,Next water voice,redefine revolutionary metrics,media,https://i.picsum.photos/id/21/100/100.jpg?hmac=mDDxqdJIMvU-yZZK4tp9K19LkBvScGxR6N7_fPkHqgw,364.82,false,0
25,81,Head Mrs debate onto,implement global eyeballs,gadgets,https://i.picsum.photos/id/933/100/100.jpg?hmac=Gn6csbCA8Dn2IIHZVxuLXvzXkwi3ElLhU2RbmeRHFTQ,170.43,false,0
26,91,Full per,integrate real-time communities,clothing,https://i.picsum.photos/id/799/100/100.jpg?hmac=okZtkm2t55muc8YQ9GU-m6DeeJrYUBbM7RJp0h0qGHU,298.37,false,0
27,50,Can boy room value film,iterate intuitive content,media,https://i.picsum.photos/id/14/100/100.jpg?hmac=EYDe1vjIHyJ5PW-NTsPc1aJvuXRNOqIlfJ1gbPxSnWw,427.42,false,0
28,53,Between training,syndicate cross-platform supply-chains,food,https://i.picsum.photos/id/782/100/100.jpg?hmac=J9_HEO6Mc61m5pWUmoPdXU7E4sgGDCKTfzEOiSE2gzI,245.14,false,0
29,54,Few same,productize B2C communities,misc,https://i.picsum.photos/id/507/100/100.jpg?hmac=Q_W2AeL6j99ZqAhq4voDJ6y81yig9c3mxQ4keiWuh8o,192.81,true,34
30,10,Seek article account,strategize distributed systems,media,https://i.picsum.photos/id/331/100/100.jpg?hmac=TClMoeHXnIkDXV9Rw2kZVPjUaPzXzOrjdFc-TDitsag,403.74,true,217
31,10,Detail yourself one coach,aggregate synergistic initiatives,food,https://i.picsum.photos/id/467/100/100.jpg?hmac=o2XCPkEirAd7j2Vv2XoCGdvCrbCtUvMipdWzUUUYlSM,420.89,true,463
32,67,Sell cut market either,visualize revolutionary e-tailers,misc,https://i.picsum.photos/id/983/100/100.jpg?hmac=1KxUX5habuF2b0xCYCz2uGHttY8BlaufijKwh1_2RA0,74.13,true,235
33,48,National character writer work,orchestrate wireless functionalities,media,https://i.picsum.photos/id/779/100/100.jpg?hmac=1RVPU81J2z6Yb8PpBXZQPHOOJjyagT8Km8ThLBwHu-I,449.66,false,0
34,86,Street your play themselves,incubate magnetic synergies,gadgets,https://i.picsum.photos/id/896/100/100.jpg?hmac=_jToGRL7iP8B-HahUeCVhU9FEqOfjbVBNFX_09VnTFM,361.95,false,0
35,41,Modern themselves,expedite B2C architectures,misc,https://i.picsum.photos/id/159/100/100.jpg?hmac=3gSb6w4NNJ8x_QCtIWVr0Cv7KKFDb34E4_LXvzeIFXg,150.91,false,0
36,8,Might trip,optimize magnetic channels,food,https://i.picsum.photos/id/516/100/100.jpg?hmac=w2QDNJXnbH85agzujMW5BQO6PK6RZ9edNM2NdoQowGY,153.01,false,0
37,42,Song than leave,disintermediate enterprise deliverables,misc,https://i.picsum.photos/id/619/100/100.jpg?hmac=Vz0v_s1_kR5tRff0FTqRHEevUoMZ8FVDwIwr7NTRHcw,17.73,true,348
38,66,Wrong section town deal movement,expedite next-generation info-mediaries,media,https://i.picsum.photos/id/866/100/100.jpg?hmac=ci1nxrYzr9SaVQenyuqBybKgVslILw_KRPf-cZjq4yg,311.75,true,436
39,2,Scientist few,maximize dot-com supply-chains,food,https://i.picsum.photos/id/674/100/100.jpg?hmac=nMr-Sc9x12bh8va_E2W3Y3Dg-8v9izlu0SPbpAg7PxM,252.33,false,0
40,98,His himself clearly very,incentivize front-end supply-chains,food,https://i.picsum.photos/id/70/100/100.jpg?hmac=OS0n7zlC4NC0AOO0q5EeIpv-10QDUnl4uB3ls2iet8E,482.04,false,0
41,53,Man tell response,innovate B2C convergence,media,https://i.picsum.photos/id/983/100/100.jpg?hmac=1KxUX5habuF2b0xCYCz2uGHttY8BlaufijKwh1_2RA0,18.78,false,0
42,49,Another likely character allow,re-intermediate end-to-end functionalities,gadgets,https://i.picsum.photos/id/439/100/100.jpg?hmac=eTF0vj0QoN9sWCZ3lGusfBzYTO9MVixqGAiH82_bO_g,53.89,false,0
43,24,Situation since book art,scale plug-and-play e-business,gadgets,https://i.picsum.photos/id/517/100/100.jpg?hmac=akNmWXA6PPpOckdrSf1wh5BqI4ep5fMASwM6J05wKyc,333.15,false,0
44,16,Son true their race,exploit 24/7 deliverables,clothing,https://i.picsum.photos/id/233/100/100.jpg?hmac=ge5XrDXuix2x6IaqxQDwDQo-9YHemY4q4qolZm-Nc-Y,19.50,false,0
45,47,Lay smile away,integrate revolutionary models,gadgets,https://i.picsum.photos/id/777/100/100.jpg?hmac=D2kEso5gpmBEd2TEfEVvIN57hffTeAdv0m3fXo93VBA,461.03,true,118
46,11,Single recognize information figure box,brand cutting-edge infrastructures,food,https://i.picsum.photos/id/997/100/100.jpg?hmac=43zFFqCDJMKZzkteWpU_yRHU8mkmPFlM_nkt_G9QDZw,212.08,true,213
47,99,Safe air land,innovate next-generation web-readiness,media,https://i.picsum.photos/id/420/100/100.jpg?hmac=2h4TpDJA2ro3DEpJThx1jw6iB8eC_pCkBkWHv1VjBjY,470.41,false,0
48,10,Audience grow ahead girl,implement bleeding-edge relationships,food,https://i.picsum.photos/id/570/100/100.jpg?hmac=VEJlDpzGtaEKOeH7vWHGRRiKygz14cXzpiEWWniXfXA,305.18,true,2
49,26,Security fall ready,re-contextualize bleeding-edge eyeballs,clothing,https://i.picsum.photos/id/1014/100/100.jpg?hmac=VA16faAdN2YCBWe0BDl5xL7fcK6y6g6ZRGgqWmi1HXU,232.14,false,0
50,44,Candidate whom gun,syndicate distributed technologies,misc,https://i.picsum.photos/id/955/100/100.jpg?hmac=3o1QUKNWy4rEY-nq23QFMSLv2z95r_ejn1QYVyhDx6g,325.41,true,304
51,10,Mouth film,synergize B2B channels,clothing,https://i.picsum.photos/id/323/100/100.jpg?hmac=B-VGErWYn5xJDZ9Xvyxn7eaQZgCNbLRlRVIme0j0hJ8,161.65,true,122
52,96,Fact information animal,enable vertical interfaces,food,https://i.picsum.photos/id/584/100/100.jpg?hmac=zeGEOzYhZBbR0fVIcUPkOjhA-dWMy6BnUD6G-kYDApo,359.09,true,216
53,38,Indicate unit opportunity fear great,incentivize visionary functionalities,gadgets,https://i.picsum.photos/id/123/100/100.jpg?hmac=nC0yTD00iaDU1RzDkTMEe89pA-NjX9121ad97gpAsOo,326.67,true,193
54,52,Individual rock,harness visionary e-tailers,gadgets,https://i.picsum.photos/id/259/100/100.jpg?hmac=RBr6CkkdBjvr4HG2sySZTIadNMdB9UrliEMeWoN9oJI,150.60,true,487
55,23,Everybody newspaper,scale B2C systems,media,https://i.picsum.photos/id/44/100/100.jpg?hmac=M1Y_6geJqXsJExau-mMxKVq8G5YThs4y5dsFWGGizvM,94.98,false,0
56,55,Easy law view,orchestrate synergistic bandwidth,food,https://i.picsum.photos/id/66/100/100.jpg?hmac=KqxQ_EUtobjdY9ED1pEL91dqHmyvDoGLUhQx0RxXRug,247.96,true,151
57,0,Peace account fear shoulder,whiteboard seamless users,misc,https://i.picsum.photos/id/58/100/100.jpg?hmac=s_92ktzsvs3FMtbb9ar0vysmF3-V36t8GxTyMQDQVkQ,79.54,false,0
58,11,Set discussion seven evidence,utilize 24/7 niches,food,https://i.picsum.photos/id/546/100/100.jpg?hmac=yNa5WwOSRF79SlhDaCvrj1B-gcN6dTeDmdBx13Jlhqs,0.32,false,0
59,67,Report know second government the,innovate 24/365 metrics,food,https://i.picsum.photos/id/788/100/100.jpg?hmac=z9gilrMcmA38nDPv5YJuKSAigFZAZKrTcYuEOqBTPWo,18.09,false,0
60,39,Future morning eat turn clear,deploy distributed technologies,misc,https://i.picsum.photos/id/807/100/100.jpg?hmac=8LI563VN4hdbxPENxEDaUkc3z26rXQ10X5wEcxSYJ0Y,68.73,true,273
61,13,Western myself scientist tough,empower distributed systems,gadgets,https://i.picsum.photos/id/1049/100/100.jpg?hmac=AFzuA1p3qm36ZGRrvM8x99Y1OT22nXZyGpd6hssQO6c,290.80,true,81
62,15,High opportunity cause,repurpose seamless convergence,media,https://i.picsum.photos/id/554/100/100.jpg?hmac=m6fkrnYehWigwxa1ofRwUo6IIRxXTw_0g5zZHD0BUIw,380.53,true,245
63,62,Five present art feel,extend rich markets,misc,https://i.picsum.photos/id/206/100/100.jpg?hmac=ZSFD9YTZyhMhU3B2oWLN3rIHhiqUNYn6AMFKoyQGc0A,110.03,false,0
64,60,Thousand act money at,cultivate strategic methodologies,media,https://i.picsum.photos/id/960/100/100.jpg?hmac=Cg8ShjKbq3bfbmR8DvIUzO_iEQbh7sqRMoCaSe35kP4,3.46,true,60
65,79,Yourself their,scale distributed e-services,clothing,https://i.picsum.photos/id/448/100/100.jpg?hmac=d5UY53eGahbJ2MpWTJoAbehtTswC-GI-7k0dAgHftRc,384.73,false,0
66,24,Its respond,synergize frictionless supply-chains,media,https://i.picsum.photos/id/846/100/100.jpg?hmac=MIrweaSnfc3PC93ZXP2_RIwTtSgyr4Rj59QNAKYgsfg,331.87,false,0
67,18,Value challenge firm decade,reinvent visionary convergence,media,https://i.picsum.photos/id/1028/100/100.jpg?hmac=6TlO0JGMExGFhz40HUxd8YDrIfp7jk7kr3aS7Mf1xQY,218.62,false,0
68,93,Somebody keep daughter,unleash scalable architectures,food,https://i.picsum.photos/id/418/100/100.jpg?hmac=zIceYT-g-d0mBx_MyqXnohlndVdI5Y2-SN6Vcb4gayY,119.81,true,446
69,23,Arm point community particularly,re-intermediate e-business mindshare,gadgets,https://i.picsum.photos/id/446/100/100.jpg?hmac=46sL3lqmWLBkVmiyYvELQ16SzUYc_YBG6bWn00U5qIM,394.45,false,0
70,58,Place might,visualize user-centric applications,media,https://i.picsum.photos/id/849/100/100.jpg?hmac=M9uIZVw1tsdWUBnq5qTxwPtTWaHCw5Djgo8FFaKoIpo,250.32,false,0
71,27,Entire analysis clear about,visualize clicks-and-mortar channels,food,https://i.picsum.photos/id/826/100/100.jpg?hmac=Oy6jRipMa_u51BhVbmPbkULBm4Q03rscfyRLWOc1acs,402.54,true,497
72,77,Newspaper determine cover part,expedite strategic vortals,gadgets,https://i.picsum.photos/id/23/100/100.jpg?hmac=CiAbrIdGlX9aAuJ70bN00aqnSNLC1WMXM2rWDOax9SY,274.58,false,0
73,32,Miss couple,evolve best-of-breed deliverables,gadgets,https://i.picsum.photos/id/225/100/100.jpg?hmac=RmNMOvt-ZNRl9OARBcNVr8-ceDZv_eNpshUn0WFIOvw,96.25,false,0
74,86,Fine team effort,seize web-enabled paradigms,gadgets,https://i.picsum.photos/id/71/100/100.jpg?hmac=OsoT3NakX2Xe3E3-Gep0fcSDgN4sSy0UVBgF5tr10uk,478.70,true,5
75,58,Right answer speak without,target visionary initiatives,food,https://i.picsum.photos/id/472/100/100.jpg?hmac=nPzqNebvYvbK1BVJ2ggXXqqjQyDCKdtcmhy7-0oy_vw,41.30,true,424
76,97,Increase try key,optimize cutting-edge schemas,media,https://i.picsum.photos/id/766/100/100.jpg?hmac=WAW3XErIANmXY3_MK5TluQAjhg4CQcL16_L9G4QVfYo,20.23,true,251
77,28,Subject everything goal,brand sticky schemas,gadgets,https://i.picsum.photos/id/560/100/100.jpg?hmac=KbOsfjiF3bmDf4QVMXLV8e7G8geRObrcr0FUdMnypbo,312.69,true,365
78,37,Method left plant evening,utilize 24/7 e-business,food,https://i.picsum.photos/id/865/100/100.jpg?hmac=aNeflGxgAp5XDiNdXbvCQ0dbQed55F550T2nKe8mDrs,88.93,false,0
79,31,Expect save process,extend cutting-edge markets,food,https://i.picsum.photos/id/403/100/100.jpg?hmac=u69eaQcW-fHFQXgCTwIlurxwv6IjJLNxlW_RDazTuaA,196.82,false,0
80,15,Grow push region produce develop,e-enable web-enabled partnerships,misc,https://i.picsum.photos/id/38/100/100.jpg?hmac=amRcmyq0ukfhrUhjA7ovRc8kxpfb82Ht7KfpvY4sAaU,157.86,false,0
81,29,Pick expert commercial special,engage world-class relationships,misc,https://i.picsum.photos/id/37/100/100.jpg?hmac=N37YfBUQ8qj8w1cMRSfcOXauNCcQXb-GQ6bA2aumtlM,325.03,true,449
82,50,Wish member baby,engineer best-of-breed models,misc,https://i.picsum.photos/id/794/100/100.jpg?hmac=BExA4UsjYsXvzpZsd_YDnKvkYJLUZMsnAhzQdcj7OWE,392.89,true,121
83,93,Staff service government,benchmark end-to-end functionalities,media,https://i.picsum.photos/id/599/100/100.jpg?hmac=y8_QsKdKcdB1TM5yme3vfVObUBkN3n1pT6w8-mGNpq0,461.13,true,270
84,76,Majority final when new,leverage rich info-mediaries,misc,https://i.picsum.photos/id/620/100/100.jpg?hmac=bzyN8XTTVzqxBr2Y7efXe57NV2vj9pQluM4_-xmSFBU,160.90,true,133
85,17,I course first factor want,architect robust vortals,clothing,https://i.picsum.photos/id/292/100/100.jpg?hmac=L_9DM2sCuObky3GuDn21gYc6ENQVyfhdmV2EIp0nQkU,175.56,true,134
86,44,Figure ground much,drive B2C convergence,food,https://i.picsum.photos/id/864/100/100.jpg?hmac=S4YK4_jv5sQpFQAX01RFkUvlQSSTFc-_-b0-NIf0eDE,251.80,true,13
87,30,Actually watch,harness innovative markets,gadgets,https://i.picsum.photos/id/376/100/100.jpg?hmac=8fm0K11zSbouMPkkiBUDoCQLvj18OGwzfxHUdY9Su3o,497.84,false,0
88,17,Large center find,visualize open-source e-markets,media,https://i.picsum.photos/id/687/100/100.jpg?hmac=TqwVgHO5lx681MXgF0vDEqGm27B9IAFphza8gM81Oqk,4.52,false,0
89,68,Source wonder relate service north,embrace transparent architectures,clothing,https://i.picsum.photos/id/157/100/100.jpg?hmac=ySHxd9K-ynk1M6izygsC04pGxNvmHNF_NmqODT3qpvY,1.64,true,319
90,84,Style record bag down stock,reinvent interactive web-readiness,clothing,https://i.picsum.photos/id/488/100/100.jpg?hmac=_gJqNotFratHWm45HKivhNKYnO7XT58ThaNKl9ASuwQ,380.87,true,368
91,10,Until our per leader,orchestrate revolutionary portals,gadgets,https://i.picsum.photos/id/936/100/100.jpg?hmac=Y1HP8tGBdbyGXlqQfapmz3xTMzKARU8VRqGLIyk86vs,412.94,false,0
92,3,Usually already bed fall character,incentivize synergistic communities,media,https://i.picsum.photos/id/760/100/100.jpg?hmac=mVwBfOl7vINVHLBdeJFfehbmzCPn6_YG3Uy66XxJAWY,172.34,false,0
93,50,Financial too,engage collaborative paradigms,misc,https://i.picsum.photos/id/327/100/100.jpg?hmac=Ecxxw41bWTuqSAGYbarsut_HW1iktY2ksAEsroG6rjU,292.70,false,0
94,87,Lay return,strategize cross-media models,food,https://i.picsum.photos/id/1023/100/100.jpg?hmac=RynKv59uMx8F70Hc4gqmog37WZkviXzk2CBUNuugdf8,10.34,true,131
95,87,Reflect upon yet seven several,mesh cross-platform architectures,gadgets,https://i.picsum.photos/id/516/100/100.jpg?hmac=w2QDNJXnbH85agzujMW5BQO6PK6RZ9edNM2NdoQowGY,106.14,false,0
96,31,Purpose mouth then class test,orchestrate open-source synergies,misc,https://i.picsum.photos/id/664/100/100.jpg?hmac=HV5KBtpMrl4AuVF-l4GAX6J3iP9qknqLS0AvEFpHfys,417.06,true,488
97,44,Fact fall manager idea,brand frictionless synergies,clothing,https://i.picsum.photos/id/1067/100/100.jpg?hmac=d3stFy4zn9H14TLp3N4Q6_nyg4h2rZ7gGlleltn8qW4,291.05,false,0
98,16,Upon we lose water,transition dot-com e-business,clothing,https://i.picsum.photos/id/883/100/100.jpg?hmac=8AMjj7D-GeG-ikhFqF7u6mK3XUvmSzGZD5iEknhM_yg,35.70,false,0
99,35,Morning as police,benchmark one-to-one mindshare,misc,https://i.picsum.photos/id/450/100/100.jpg?hmac=zzJCVMAuJKcieFWNi-pYpdTBCE4_ns2CNsV5aXQ4dfM,309.49,false,0
100,34,Expect investment yard,unleash efficient portals,misc,https://i.picsum.photos/id/282/100/100.jpg?hmac=wBHOHVFU_MPYo7WfTnjRtx60ffjuYsiFP1Wep1Soqp0,269.70,false,0
101,43,Relationship it center,implement B2C web services,misc,https://i.picsum.photos/id/178/100/100.jpg?hmac=qtcRviH1Q6-x2H4wlmgqhKaISe1s2X43vgXdayQDXSw,196.46,false,0
102,4,Treatment PM sometimes set tonight,disintermediate granular methodologies,clothing,https://i.picsum.photos/id/395/100/100.jpg?hmac=GkU0Fq_QLAvCuSano2wDiUrfgB8P7XDfDXNxOQSZ6nQ,323.45,false,0
103,2,Number drug continue,engineer next-generation partnerships,misc,https://i.picsum.photos/id/166/100/100.jpg?hmac=WAFmCCW5iFbOEYWbq0WzidbAibRvRl2Uw2pQ78bpkVw,229.30,false,0
104,65,When clearly,re-contextualize innovative e-commerce,media,https://i.picsum.photos/id/188/100/100.jpg?hmac=rOsAzz1Y1NBRS7UFgpjheZVvoJOxqKLyFE9Gv0m8THY,481.34,false,0
105,55,Particular before air action,morph 24/365 interfaces,media,https://i.picsum.photos/id/151/100/100.jpg?hmac=WbNSjhTINOmr2SMfSeRAqlJyTgRs8KO1x3eKKhou4bo,223.99,false,0
106,89,Old great,maximize end-to-end networks,gadgets,https://i.picsum.photos/id/459/100/100.jpg?hmac=xoctsuxLHOoSAWLa5tTdzmd-64yg2k6YxXb5huYV86g,167.03,false,0
107,60,Career bank ten guess attorney,unleash one-to-one web services,misc,https://i.picsum.photos/id/959/100/100.jpg?hmac=JGCaTiWwljHGDXkpxkbHVHOLqM56-w66Ioi5WGXHEcs,241.05,false,0
108,3,Hotel by year player,deploy B2B metrics,clothing,https://i.picsum.photos/id/473/100/100.jpg?hmac=vDivN_NVaHhldo49AE1pbHmD4AKsIDlwIdnS6I8pP8o,206.39,true,84
109,16,Treat relate respond,drive revolutionary deliverables,food,https://i.picsum.photos/id/588/100/100.jpg?hmac=0tdAjW6PmD697sTrpAD7cgn1itQDXijg5m3Ct06Vbw4,421.71,false,0
110,23,Son spend ball company,morph 24/365 portals,gadgets,https://i.picsum.photos/id/213/100/100.jpg?hmac=YbHzeM4eZvbG8HTXzDTcKTWUqrF7xSD4ghXVV88XM94,358.90,false,0
111,33,Very your choice too need,integrate virtual experiences,misc,https://i.picsum.photos/id/988/100/100.jpg?hmac=D5aOTJ_7dRWIYG8W-R89ALn9d_wDyZPILlew6CSejF0,17.96,false,0
112,9,Possible lead draw,target granular supply-chains,clothing,https://i.picsum.photos/id/436/100/100.jpg?hmac=psXzw28qO8eVgb_Or324dnApg6DG3fwpJWppcLqwlpw,243.98,true,279
113,10,Gas spend bag into good,grow open-source architectures,misc,https://i.picsum.photos/id/848/100/100.jpg?hmac=Ye-KakFzJgCocxPgIXQHPQ0Y3Z3pYU17WlZz97tcL1o,185.81,true,70
114,40,Consumer by,facilitate dynamic paradigms,media,https://i.picsum.photos/id/1055/100/100.jpg?hmac=5xrVchrlPQ3HlyPalk3FRMVhyD19mi5tPOA9N1SfN60,330.07,false,0
115,49,Over some,leverage synergistic partnerships,media,https://i.picsum.photos/id/756/100/100.jpg?hmac=oIfIkAQk1YnNQWU09Z84zVOmFBwKH7W3jhHjbjl7wKI,27.56,false,0
116,77,Series public none sound include,utilize ubiquitous portals,clothing,https://i.picsum.photos/id/153/100/100.jpg?hmac=7zQ333dDQHisbHqFNd2gCQnsvQEkht7hoVES_xN36no,486.49,true,184
117,12,Ago again identify,scale value-added vortals,media,https://i.picsum.photos/id/1058/100/100.jpg?hmac=2Qr74oGbMG2L3g3k14fXKjQxpKg3lmNdIs0S6eUnwKM,404.70,false,0
118,60,Teach movie,strategize back-end web-readiness,misc,https://i.picsum.photos/id/284/100/100.jpg?hmac=IwrWL7cEF_UnEIdrQ8BmVVeqpjrOLCsROv4VPX1sZVg,49.10,false,0
119,45,Likely almost,redefine front-end paradigms,food,https://i.picsum.photos/id/760/100/100.jpg?hmac=mVwBfOl7vINVHLBdeJFfehbmzCPn6_YG3Uy66XxJAWY,192.43,true,484
120,70,Civil single city,innovate interactive e-business,gadgets,https://i.picsum.photos/id/140/100/100.jpg?hmac=4Skh7lTq0bdRmnXi_Pkq6odpzJruyj3UDBQWGHkCO-o,484.03,false,0
121,80,Analysis drive example color,incentivize synergistic e-services,clothing,https://i.picsum.photos/id/974/100/100.jpg?hmac=EMbhV17RKvuFbakMTK1ohTr25LkaGVuBzPqRk32qPPU,449.53,false,0
122,46,Case north add us accept,synergize virtual eyeballs,food,https://i.picsum.photos/id/171/100/100.jpg?hmac=fn_pZlGPW0cEKBixtXL_Ni7it77YOkZjhFBrkXLNrpY,12.41,true,20
123,6,Of challenge,orchestrate enterprise web-readiness,media,https://i.picsum.photos/id/721/100/100.jpg?hmac=g6D05brFdOfsBid877Uhlxs7GRrSZWhjsReEELN4uKs,223.72,false,0
124,91,Two hair describe,strategize intuitive channels,media,https://i.picsum.photos/id/274/100/100.jpg?hmac=6rRe1-vLzo2VZesrIML6zJ4b9D1sTqXeCPA_eL-QG2g,289.84,false,0
125,12,Time early high trouble,incentivize compelling interfaces,misc,https://i.picsum.photos/id/263/100/100.jpg?hmac=Uk7nKB-DCHjYn6uK2S2A6-fiGdjE5-4XQO5Fe-ltnYQ,35.32,false,0
126,67,My page single theory,empower revolutionary e-business,gadgets,https://i.picsum.photos/id/28/100/100.jpg?hmac=T7360vJtFEkg0zVPCgXIy9jOcuJHaq6wC-qVNE0EDBQ,444.50,true,274
127,6,Require agree inside,cultivate impactful e-commerce,food,https://i.picsum.photos/id/95/100/100.jpg?hmac=BxsJD-uasVZfGVAwSiYM5-HFi_TtIUCYT5viZTAMxic,365.58,false,0
128,20,Future in opportunity,cultivate front-end mindshare,food,https://i.picsum.photos/id/507/100/100.jpg?hmac=Q_W2AeL6j99ZqAhq4voDJ6y81yig9c3mxQ4keiWuh8o,477.47,false,0
129,18,Group line million approach theory,morph virtual applications,gadgets,https://i.picsum.photos/id/556/100/100.jpg?hmac=E-NEMR_GRDWzwzmDSbunivVbDhlYfQnUlogLe_X9bIs,151.48,true,150
130,70,Alone improve heart decade,enable end-to-end initiatives,misc,https://i.picsum.photos/id/483/100/100.jpg?hmac=yCv--hj0uVo6xaOxnqGx2RGCmBNvoH6vvlFYg5WD8JE,182.21,true,221
131,73,Less politics religious back,brand global communities,clothing,https://i.picsum.photos/id/271/100/100.jpg?hmac=fOykIZIT7RmhTxXB-2t7dj3WQVbdbtCBL6e-eIgQJVk,106.21,true,16
132,67,Standard ground think,extend front-end supply-chains,food,https://i.picsum.photos/id/473/100/100.jpg?hmac=vDivN_NVaHhldo49AE1pbHmD4AKsIDlwIdnS6I8pP8o,410.52,false,0
133,20,Physical why mouth certain,synergize extensible action-items,media,https://i.picsum.photos/id/973/100/100.jpg?hmac=Zzk3J0lurzXybkl4EDgHeOL3r9KfffDDHAwmUtaM3os,177.49,false,0
134,65,Who yet spend,innovate B2C eyeballs,food,https://i.picsum.photos/id/692/100/100.jpg?hmac=CMrTNQngSRzwxmHrkPDytLxZjpLDqnG3LChkxWvOX30,298.76,true,357
135,99,Other owner message,empower frictionless architectures,food,https://i.picsum.photos/id/447/100/100.jpg?hmac=j5C8cG3hSTxLfA3hqNZ-ShChiqzSKZAC6r2jXORdl7c,406.04,true,60
136,46,Five put hard recent,repurpose holistic e-services,clothing,https://i.picsum.photos/id/867/100/100.jpg?hmac=rx3grd6vzY-vDXHUtQF4VBmk44AI0VImVOOFpn9LZ94,287.70,true,400
137,65,Ago poor coach,mesh transparent metrics,clothing,https://i.picsum.photos/id/527/100/100.jpg?hmac=f1pF6Fs0Ec7yXfnHPQwNi6Yh24hQyuybpCrIu_isS64,224.90,false,0
138,33,Onto try,leverage visionary networks,food,https://i.picsum.photos/id/366/100/100.jpg?hmac=u5GAbcpXAC88YrdzTpzvhpg8Lhq_ykFQHPbtkoV7FHA,469.48,true,330
139,75,Free medical lay lose,transform real-time mindshare,media,https://i.picsum.photos/id/248/100/100.jpg?hmac=vVhfFmzPmJ_WYnQT7LrSSHQxnyzMI75lj3-eAUcJ19E,282.82,false,0
140,60,Congress must city,iterate B2B bandwidth,food,https://i.picsum.photos/id/514/100/100.jpg?hmac=49RBR_6qWuTMcP-m_lJUuoJZNGsjMgrVZsjDLPD-baE,492.08,false,0
141,50,Well news enter director book,orchestrate bricks-and-clicks platforms,clothing,https://i.picsum.photos/id/93/100/100.jpg?hmac=PBqQypCXb3NKixODn0-_vSWFDBpNSqL6AvqmwEySntk,337.07,true,301
142,71,According television next,engineer holistic platforms,media,https://i.picsum.photos/id/541/100/100.jpg?hmac=kcEeyxsJWAAL5UgkBo1hjejOLeWK6Qsl0XLFrKFEeAk,286.44,false,0
143,12,Drop marriage,monetize efficient e-services,food,https://i.picsum.photos/id/664/100/100.jpg?hmac=HV5KBtpMrl4AuVF-l4GAX6J3iP9qknqLS0AvEFpHfys,253.45,false,0
144,11,Fight institution,extend out-of-the-box architectures,clothing,https://i.picsum.photos/id/167/100/100.jpg?hmac=YJ-1uFEDZQ1ybih-Fz5A4ROTGgCU1ceStENGE0RgBsM,118.36,true,381
145,99,Process sit executive partner,e-enable 24/7 interfaces,gadgets,https://i.picsum.photos/id/915/100/100.jpg?hmac=lqye56JInLPJM5SHicS8E4lMoZrQRoJIvUPdPJPJnXo,256.60,true,336
146,90,Place grow everyone win,revolutionize front-end platforms,media,https://i.picsum.photos/id/280/100/100.jpg?hmac=qvU3jwkAAH-t2dmrqe2AU3fIV0RHLQeitE3Na3IgO9I,462.37,true,229
147,19,Usually sea upon full,enhance one-to-one methodologies,media,https://i.picsum.photos/id/400/100/100.jpg?hmac=pvDsAYmMO0rcZJDGuhmCPDrPeCkJIkGR90-rqPYCMmw,499.49,false,0
148,65,Woman with not peace,innovate wireless mindshare,gadgets,https://i.picsum.photos/id/1040/100/100.jpg?hmac=IvcWOtfcNfnzjZZxYD_Ml3Y5G52mTmanZ1vkpE7hmk0,249.29,false,0
149,66,Begin first,productize bleeding-edge e-commerce,food,https://i.picsum.photos/id/252/100/100.jpg?hmac=keUvdcCSluX0iNcJ7CpfPur0MPTBddHUoR2cw00JnkY,294.98,true,209
150,11,Customer force both,exploit bricks-and-clicks web-readiness,clothing,https://i.picsum.photos/id/1011/100/100.jpg?hmac=gXmnT5iAAzoyypEBiC6No4AIMD2L8lmSO7gv4nzyyjY,487.05,true,196
151,68,Can start,expedite 24/365 infrastructures,media,https://i.picsum.photos/id/467/100/100.jpg?hmac=o2XCPkEirAd7j2Vv2XoCGdvCrbCtUvMipdWzUUUYlSM,101.00,false,0
152,8,Computer doctor up high southern,brand best-of-breed architectures,food,https://i.picsum.photos/id/990/100/100.jpg?hmac=ovdPtSVHqbTpNDoZ4Sx4h95e0Cmz6t8Zkj0X6EU8Ccs,315.34,true,299
153,44,Still quality political other,evolve dot-com platforms,food,https://i.picsum.photos/id/989/100/100.jpg?hmac=UZHjuT-Toc-hN6b5AKfcL_0npEGsPVORTrS_ugam-uM,139.03,true,318
154,98,Her of process,aggregate next-generation mindshare,misc,https://i.picsum.photos/id/909/100/100.jpg?hmac=UbSBA-kyCkwxNgg0lepUohi-ekcy26tC5ckUIo1gOic,61.71,true,355
155,60,Meeting language condition,engage cross-platform channels,media,https://i.picsum.photos/id/923/100/100.jpg?hmac=KXdgOCL4aWLuauVumcljpx8egKzYNTF3Z1M379E-PW4,130.48,true,290
156,64,Star tell law go,revolutionize transparent web-readiness,media,https://i.picsum.photos/id/234/100/100.jpg?hmac=sah7pEa8U6gf7AYomhCyjFjdu4mWTKAAZJZ3Db3PkWU,370.00,false,0
157,97,Difference drop local cell,grow front-end relationships,media,https://i.picsum.photos/id/371/100/100.jpg?hmac=ZfprBU9e7z3E8d4EJzDG4kDlAJovMIq-2YcGFyVbA8w,306.19,true,97
158,38,Piece but arrive garden free,re-intermediate granular bandwidth,media,https://i.picsum.photos/id/841/100/100.jpg?hmac=wtFNY_KOGjfP2ZKLODUvsvEb8cxIKmOahXi_DypkLyI,347.24,false,0
159,63,Cold another way,revolutionize cross-platform methodologies,misc,https://i.picsum.photos/id/629/100/100.jpg?hmac=6sHEFjGcQNGBONyByB19VbxmcyQRWs6YiZwA_zC456w,96.92,false,0
160,23,Type Republican organization its plant,re-intermediate rich web services,misc,https://i.picsum.photos/id/1021/100/100.jpg?hmac=N2ccu-fTNtDgsJIlzI9XeTH8wYJ5PFl6JXHgI3tZLf4,475.27,false,0
161,4,Maintain page fish,drive 24/365 synergies,food,https://i.picsum.photos/id/12/100/100.jpg?hmac=ZeFIkeBLVahcdHCJgLCcvoyDOXNjYgm4mKac6Y0cJQw,31.17,true,227
162,86,Difference range technology serious international,visualize front-end methodologies,gadgets,https://i.picsum.photos/id/566/100/100.jpg?hmac=ZzlTQ-Y8Qal3hQxUQUUw2dPFUzIilPAkjPAu_8OfMT4,252.87,true,84
163,47,Successful response hospital wrong fish,target innovative eyeballs,clothing,https://i.picsum.photos/id/522/100/100.jpg?hmac=qAjkBTDli2R3PAxAqv8HwfHWmdQskKVWNSDktu4tmHw,386.14,true,489
164,50,Remain decide happy another,strategize best-of-breed infrastructures,media,https://i.picsum.photos/id/969/100/100.jpg?hmac=AY_rUrO-VHWolXF5Haaa4rzo-_A5vN46B1vts7C_u0U,299.72,false,0
165,69,Plant whether protect,mesh holistic content,media,https://i.picsum.photos/id/28/100/100.jpg?hmac=T7360vJtFEkg0zVPCgXIy9jOcuJHaq6wC-qVNE0EDBQ,278.68,true,41
166,77,Sell daughter pay growth,evolve vertical action-items,misc,https://i.picsum.photos/id/642/100/100.jpg?hmac=n9lXadZfWlj5fdi459EW8eDhDsI7RETq3IDV7kVzxNE,495.03,false,0
167,19,Election order everything stuff,enhance enterprise architectures,misc,https://i.picsum.photos/id/124/100/100.jpg?hmac=U-42iIWXxhNk5aC8lnOqyCvjwqedzGt4OvI5nNTHCeg,474.43,true,422
168,75,Very analysis firm,benchmark holistic partnerships,misc,https://i.picsum.photos/id/618/100/100.jpg?hmac=l_36jHsQf6g5jMiHQBj0AV3lYWBKgelhg3TghZoFE_4,245.55,false,0
169,49,Bring parent,re-contextualize global eyeballs,food,https://i.picsum.photos/id/840/100/100.jpg?hmac=ZGb_YpLmHxHGRAn_eGhvxTqQQKDRvo5Civdb1eRu4vY,60.90,false,0
170,31,Picture enough,embrace cross-media technologies,gadgets,https://i.picsum.photos/id/765/100/100.jpg?hmac=wPh8mXjwFPBT4ZDMMSQFmsEl_DG0fSt61KNyfYDLM3A,315.81,true,382
171,69,Arrive middle add traditional standard,whiteboard back-end supply-chains,clothing,https://i.picsum.photos/id/842/100/100.jpg?hmac=uAX6iXbKU1WyOxGwkiyn1QniKnDPvV3u4IugeeBApL8,176.12,false,0
172,97,Edge bit,optimize end-to-end models,food,https://i.picsum.photos/id/481/100/100.jpg?hmac=irOIRA3bxjFlh_lyyN0MqFQfvIerM58TbWnfNWcUKyM,266.28,false,0
173,12,Student describe concern professional discover,aggregate visionary convergence,clothing,https://i.picsum.photos/id/403/100/100.jpg?hmac=u69eaQcW-fHFQXgCTwIlurxwv6IjJLNxlW_RDazTuaA,137.92,false,0
174,70,Democratic stock worker,empower clicks-and-mortar infrastructures,gadgets,https://i.picsum.photos/id/98/100/100.jpg?hmac=KSUnGGqZYEYEJdqkwdAMELVGOGGYC3Xw5faaDXDY2u4,157.90,false,0
175,4,Particularly factor,embrace frictionless niches,clothing,https://i.picsum.photos/id/905/100/100.jpg?hmac=6aekgNQzIUDyRVKSBUU3vE8vc5IozI_1ZeW4aFeC69w,262.70,false,0
176,57,Increase mother,deploy 24/7 infrastructures,misc,https://i.picsum.photos/id/994/100/100.jpg?hmac=FZdb3YhaXv7Jc3pSNwCQ2oMlFuPzCh09JUCCEuV-vfk,237.41,true,152
177,30,Join recognize all structure point,empower intuitive web services,gadgets,https://i.picsum.photos/id/322/100/100.jpg?hmac=8GQHgleuwg20yc2yJMRKB-B-46eksJIDIkjSBDlYPJM,162.70,false,0
178,6,Support realize cause,expedite leading-edge architectures,media,https://i.picsum.photos/id/554/100/100.jpg?hmac=m6fkrnYehWigwxa1ofRwUo6IIRxXTw_0g5zZHD0BUIw,143.74,true,130
179,40,Majority large but hear minute,enhance compelling architectures,food,https://i.picsum.photos/id/250/100/100.jpg?hmac=KjkOu1SZ6cWLdtP6WxtUrsqWRkO0mYRCVy0QIcH9gj0,122.10,false,0
180,12,Tough whether address,engineer bricks-and-clicks deliverables,media,https://i.picsum.photos/id/820/100/100.jpg?hmac=FBIxXxp2QPwnJdxm-bcZQTKQLj2KXc5O9zIeg9TOa-k,63.67,true,256
181,36,Identify likely view,streamline frictionless deliverables,gadgets,https://i.picsum.photos/id/687/100/100.jpg?hmac=TqwVgHO5lx681MXgF0vDEqGm27B9IAFphza8gM81Oqk,103.31,true,114
182,38,Control work name,reinvent bleeding-edge e-markets,clothing,https://i.picsum.photos/id/302/100/100.jpg?hmac=ZRQWK8QPy2bTb5TBEuKogogJbUOsUBYYjhpHQaz3p5o,124.97,true,452
183,74,Seat model similar,exploit vertical bandwidth,clothing,https://i.picsum.photos/id/6/100/100.jpg?hmac=8sKXF5dH_Otz8rzj8Z9Y2xBFuL3MXBTK3IdHcuw0u4M,31.52,true,196
184,64,Defense mouth manage camera,evolve value-added infrastructures,food,https://i.picsum.photos/id/994/100/100.jpg?hmac=FZdb3YhaXv7Jc3pSNwCQ2oMlFuPzCh09JUCCEuV-vfk,492.95,true,382
185,50,Purpose world win product,morph intuitive communities,misc,https://i.picsum.photos/id/370/100/100.jpg?hmac=veRGC_kOm-b6Ne6er9iLM24hRM7hhyc5G0haDnohrNw,124.94,true,440
186,5,Memory attack,grow interactive systems,clothing,https://i.picsum.photos/id/670/100/100.jpg?hmac=82iwnTVdQjI51yjtv0RcvutZpHP1PFYFPX33peYlctI,307.80,false,0
187,1,Challenge project happen white maybe,scale dot-com channels,food,https://i.picsum.photos/id/190/100/100.jpg?hmac=-nj1TkLDuJnXNtDoj-SC5agHLyGbrPOmnO-0RLiqa-I,245.93,true,312
188,50,List key little fast,exploit open-source convergence,misc,https://i.picsum.photos/id/783/100/100.jpg?hmac=XePbLgxbPhz-t8hiqCt9ydHjhguEM-1GknxAzIuSDZQ,194.50,false,0
189,89,Fear spring north dog,brand killer portals,misc,https://i.picsum.photos/id/608/100/100.jpg?hmac=DKA18quk9_VTcsIownS6w150lRTonA9-ow6ye0D2MIM,85.65,true,414
190,76,Series mother treat structure positive,redefine cross-platform portals,media,https://i.picsum.photos/id/389/100/100.jpg?hmac=oAzFnWfCnvjxbgTKBnpbZ4mWe5QbpBHNu5p_vxbS9aE,154.58,true,405
191,93,Why learn attention,aggregate sticky portals,food,https://i.picsum.photos/id/407/100/100.jpg?hmac=ZkWYeYZRaNAGc7vsb2jA4046f5Q-5cXJaEV9TluDQ_k,422.27,true,317
192,22,Participant environment purpose prevent,utilize frictionless content,clothing,https://i.picsum.photos/id/659/100/100.jpg?hmac=_nCWkAH7aPLDVKd5cp3ZnVBkduo58ox-zDulNuKlwl4,201.63,false,0
193,45,Old site,scale proactive ROI,food,https://i.picsum.photos/id/343/100/100.jpg?hmac=gEJobULdFbh2sjheVSil9ZHLxno5rhByj9QPvyX_HpU,304.68,false,0
194,45,That himself floor,generate virtual models,clothing,https://i.picsum.photos/id/935/100/100.jpg?hmac=bAIDye2mjE3efAINsxRsdIeRpCdQG1ub-xXEU4tFdq4,313.75,false,0
195,75,Wait technology town approach today,integrate global mindshare,food,https://i.picsum.photos/id/558/100/100.jpg?hmac=ZRSYCDCd2_L_qdwObAZAaV2hrIURsmn9noJMHrc5bBM,214.39,false,0
196,81,Unit people research fund catch,repurpose efficient models,media,https://i.picsum.photos/id/145/100/100.jpg?hmac=wcWX-F06MdFSK03aHhqi0ALhZnXEEj8T6-FPhliXl6I,311.42,false,0
197,82,Learn senior,productize sticky mindshare,gadgets,https://i.picsum.photos/id/672/100/100.jpg?hmac=NOBni3hPN0DHyUUsAhkw8oUAkNRfS8McsYsgKZhwSXE,286.91,false,0
198,77,Instead city type short,innovate one-to-one applications,food,https://i.picsum.photos/id/558/100/100.jpg?hmac=ZRSYCDCd2_L_qdwObAZAaV2hrIURsmn9noJMHrc5bBM,429.23,false,0
199,37,Range international,empower one-to-one functionalities,gadgets,https://i.picsum.photos/id/981/100/100.jpg?hmac=cWCYgcyQ-L4ZyRiGPpOcIMFYVY3z_L7dT13gvR0HxwU,260.68,true,5
200,5,Address simply catch but his,syndicate proactive vortals,clothing,https://i.picsum.photos/id/343/100/100.jpg?hmac=gEJobULdFbh2sjheVSil9ZHLxno5rhByj9QPvyX_HpU,43.89,false,0
201,82,See different decide trip total,streamline wireless channels,misc,https://i.picsum.photos/id/1022/100/100.jpg?hmac=X0Eb72vvXktVT2SanLghnDlRc3_l97uGiHZY4KdSYNs,374.90,false,0
202,52,Throughout western world area,e-enable customized users,clothing,https://i.picsum.photos/id/240/100/100.jpg?hmac=s4hsCQCuOehBHCGru9MynVva_NJ34kmWu38XQ1Ry-VE,287.16,true,302
203,21,Office explain,morph killer interfaces,food,https://i.picsum.photos/id/266/100/100.jpg?hmac=N0BCMgm8tKCaCVhV9Z2ZP4fHOD6H25Ms0CbDsU8u1ZM,442.81,true,269
204,99,Then police,orchestrate B2B mindshare,clothing,https://i.picsum.photos/id/403/100/100.jpg?hmac=u69eaQcW-fHFQXgCTwIlurxwv6IjJLNxlW_RDazTuaA,480.14,false,0
205,0,Study form seem beat,architect dot-com systems,gadgets,https://i.picsum.photos/id/400/100/100.jpg?hmac=pvDsAYmMO0rcZJDGuhmCPDrPeCkJIkGR90-rqPYCMmw,349.62,false,0
206,68,Base firm himself idea lose,brand intuitive e-services,clothing,https://i.picsum.photos/id/93/100/100.jpg?hmac=PBqQypCXb3NKixODn0-_vSWFDBpNSqL6AvqmwEySntk,329.51,false,0
207,18,Century alone,visualize one-to-one web services,food,https://i.picsum.photos/id/442/100/100.jpg?hmac=p_XdIV_nEOwA9ThvTmqTdgDesvKVHKP_8FbdKyAwZYs,268.34,false,0
208,45,I spring season toward,target cross-media e-services,misc,https://i.picsum.photos/id/448/100/100.jpg?hmac=d5UY53eGahbJ2MpWTJoAbehtTswC-GI-7k0dAgHftRc,19.92,false,0
209,46,Society according off little,disintermediate user-centric e-business,clothing,https://i.picsum.photos/id/731/100/100.jpg?hmac=pq7gWefNAmqDV_aZ8h04uQZmB26wgeBI4HJ63b_nF-Y,279.03,true,499
210,5,Grow wall conference especially low,redefine next-generation synergies,clothing,https://i.picsum.photos/id/434/100/100.jpg?hmac=J-7haqZ8rM8MvdM197zcFMbKe0Sde5_S1li7njy3e5U,335.83,false,0
211,95,Raise suggest six claim,integrate compelling deliverables,clothing,https://i.picsum.photos/id/268/100/100.jpg?hmac=eqOIwP24u5Z5zeRyWxuRm-47F6O4HGh_2t7ydnCLB1g,426.49,false,0
212,87,Low trial religious your outside,repurpose virtual e-business,media,https://i.picsum.photos/id/911/100/100.jpg?hmac=hMT5NNK9aQofv2VzClpRcskYSLvIonl6rk3mDmKxY6s,161.74,false,0
213,55,Show ten century involve down,synergize distributed action-items,clothing,https://i.picsum.photos/id/777/100/100.jpg?hmac=D2kEso5gpmBEd2TEfEVvIN57hffTeAdv0m3fXo93VBA,130.30,false,0
214,58,Out perhaps chair,incentivize B2B portals,misc,https://i.picsum.photos/id/649/100/100.jpg?hmac=NPXmPYYrOSRLh1LszPCszz6l5Oy_Kc0WF578crQA6tk,88.68,true,458
215,57,Daughter consider group eat,exploit e-business users,media,https://i.picsum.photos/id/413/100/100.jpg?hmac=vOvz9YMDcyfJRphlUQjWSrsQbYxu3iL8-d7aPYdy4wA,463.26,false,0
216,49,Memory government image,drive vertical paradigms,clothing,https://i.picsum.photos/id/994/100/100.jpg?hmac=FZdb3YhaXv7Jc3pSNwCQ2oMlFuPzCh09JUCCEuV-vfk,489.25,true,434
217,71,Ball may read information,harness integrated markets,food,https://i.picsum.photos/id/62/100/100.jpg?hmac=sWYYYQ40VR6tNICeHbDoDkh0V1BDsG9T86vajrVqfVg,456.07,false,0
218,20,Past next final,productize next-generation info-mediaries,gadgets,https://i.picsum.photos/id/837/100/100.jpg?hmac=WuT8Yrilav5pdHA43qBhOXWofvbfIHO1H4DJlYDpFlo,112.86,true,372
219,10,Before wrong take old former,drive mission-critical networks,clothing,https://i.picsum.photos/id/651/100/100.jpg?hmac=-hTGELbLq8TEOzCOjAhquiwcbozumRvTL1N3it-k_P0,10.05,true,422
220,93,Before open hot,enable 24/365 niches,gadgets,https://i.picsum.photos/id/671/100/100.jpg?hmac=Trx4iVU55q2CEzQ_FlOyzilPSYJe4sQM6XX2spYOztg,81.23,true,71
221,16,Election small certainly,re-intermediate real-time e-tailers,food,https://i.picsum.photos/id/304/100/100.jpg?hmac=uyeeVF1tDEs94PhcKm-YjaD8lqUeNTovP0Q9H9W2cPY,69.84,false,0
222,23,That admit Mrs,syndicate end-to-end niches,food,https://i.picsum.photos/id/415/100/100.jpg?hmac=9622P4ldEAzcUkR7J8WEoqQfxheKctrvq6uTsrdM-Wk,459.92,false,0
223,76,About century debate,maximize clicks-and-mortar e-markets,clothing,https://i.picsum.photos/id/465/100/100.jpg?hmac=DFyLilSNO05yl06-VdMy_GVkhiwb5wUggl5n6CxaGsM,74.62,true,258
224,40,Prove lead professional,grow bleeding-edge experiences,gadgets,https://i.picsum.photos/id/579/100/100.jpg?hmac=EeJDL34YJciZRuu7B91JvPVbJAPIokd0vjjYzMuOfJE,345.90,true,52
225,44,Evening much why design,engage impactful partnerships,clothing,https://i.picsum.photos/id/620/100/100.jpg?hmac=bzyN8XTTVzqxBr2Y7efXe57NV2vj9pQluM4_-xmSFBU,192.14,true,265
226,17,Century energy safe crime,generate virtual partnerships,gadgets,https://i.picsum.photos/id/833/100/100.jpg?hmac=BRrkFeWAlUfDbusrFwWNpm0NoxWots_KG2E4Vi7hFB0,225.41,false,0
227,65,General television,extend integrated schemas,clothing,https://i.picsum.photos/id/557/100/100.jpg?hmac=sOn8TLgaoqlIzxH6r8R3kP6TwT-2k3Euj3-hkEzAQjQ,395.90,true,336
228,4,Pattern might offer,deploy best-of-breed bandwidth,clothing,https://i.picsum.photos/id/1045/100/100.jpg?hmac=8np8DUDDIeFAsHT-Ezf4yaZr5xUDTsdGBTRs4RZJzag,200.11,true,275
229,51,Medical level president,integrate 24/365 e-services,clothing,https://i.picsum.photos/id/76/100/100.jpg?hmac=ml0woYXAgAWkn_dBMBSpXJI7hNZtd8VPsad15xxn_co,48.76,false,0
230,52,Thought nature,mesh 24/365 e-tailers,media,https://i.picsum.photos/id/538/100/100.jpg?hmac=1OOwsGQ5HpbT6Qjae_NY2WKbMiq-klJ8Dos-5QxbTj0,46.24,true,263
231,16,Crime officer police it house,visualize back-end methodologies,media,https://i.picsum.photos/id/643/100/100.jpg?hmac=DoYp3zS133rVAYeA9yMaWytREAqx6yA4i0rCNXy4jwQ,327.80,true,180
232,44,Reduce alone culture,architect killer synergies,clothing,https://i.picsum.photos/id/865/100/100.jpg?hmac=aNeflGxgAp5XDiNdXbvCQ0dbQed55F550T2nKe8mDrs,121.58,false,0
233,11,Everybody power hot scene view,productize seamless web services,food,https://i.picsum.photos/id/984/100/100.jpg?hmac=oSUdNbP1iNU9MIYmws5xAyGkY4JIjOTPwJLnvajavKo,314.15,false,0
234,47,Perform because technology important they,iterate vertical models,gadgets,https://i.picsum.photos/id/55/100/100.jpg?hmac=yO-3D2_yxelJcWc4bo3hDDUzdFTN1VguokAAz9DRR3o,73.66,false,0
235,94,Break focus raise,optimize bricks-and-clicks solutions,clothing,https://i.picsum.photos/id/190/100/100.jpg?hmac=-nj1TkLDuJnXNtDoj-SC5agHLyGbrPOmnO-0RLiqa-I,151.66,false,0
236,83,House central baby picture,orchestrate dynamic metrics,media,https://i.picsum.photos/id/980/100/100.jpg?hmac=z81cgWZnRVIpdn8fqHFVTKjJsaj0XfRC1sVlXc1X9ow,179.19,true,449
237,73,Enter deep walk cause,redefine cutting-edge ROI,food,https://i.picsum.photos/id/28/100/100.jpg?hmac=T7360vJtFEkg0zVPCgXIy9jOcuJHaq6wC-qVNE0EDBQ,153.96,false,0
238,73,Radio positive,transform mission-critical models,clothing,https://i.picsum.photos/id/529/100/100.jpg?hmac=aVsDcLHZ8rJjHVsK2cZaHH3lZuDCjVPueRuJAYVNHcI,266.05,true,441
239,90,Beat start say either none,synergize granular action-items,food,https://i.picsum.photos/id/423/100/100.jpg?hmac=ppfoSKgUMzNl_S6hkf7i5c8OaHCxjDmGmwcS2Byv4r0,347.74,true,489
240,63,During difficult religious push the,cultivate B2C applications,misc,https://i.picsum.photos/id/501/100/100.jpg?hmac=OQoCPmaBJ9e3lfGc0YHsr6jF3vAFsnTVi9ILHCyVKQo,90.08,true,144
241,12,Performance officer election,deploy revolutionary partnerships,clothing,https://i.picsum.photos/id/421/100/100.jpg?hmac=EvoOdyealuYO12ceeaxOEByTnHQkkVRAuL-uxHEe2Ao,423.57,true,178
242,42,Pm hospital against,envisioneer web-enabled e-tailers,food,https://i.picsum.photos/id/770/100/100.jpg?hmac=JvwGaqemiztTlBrTR_6mJawvTuugVVH0HV13sXH0BFk,303.92,true,127
243,66,Laugh wind action,morph next-generation applications,misc,https://i.picsum.photos/id/32/100/100.jpg?hmac=xgnkU02haerGe9lcvmJEhlKwC-3o5ZLkL1Q3MbBgBFc,280.16,false,0
244,91,Pretty write under fear knowledge,whiteboard real-time action-items,gadgets,https://i.picsum.photos/id/985/100/100.jpg?hmac=XdeEF2QiMjOi7TdHvr96bH3GmJE3ilmPnZmkHPdaE0A,462.99,false,0
245,10,Certain ago whom language,whiteboard front-end mindshare,misc,https://i.picsum.photos/id/659/100/100.jpg?hmac=_nCWkAH7aPLDVKd5cp3ZnVBkduo58ox-zDulNuKlwl4,395.54,false,0
246,78,Season crime study environment style,unleash dot-com solutions,media,https://i.picsum.photos/id/206/100/100.jpg?hmac=ZSFD9YTZyhMhU3B2oWLN3rIHhiqUNYn6AMFKoyQGc0A,450.60,false,0
247,65,Car market wear commercial,implement best-of-breed supply-chains,gadgets,https://i.picsum.photos/id/43/100/100.jpg?hmac=QWvBJMVtL0V3YvT4uaJ4stLVLJ0Nx053a7i4F2UXGYk,362.90,true,337
248,3,Financial perform turn form,revolutionize end-to-end experiences,food,https://i.picsum.photos/id/403/100/100.jpg?hmac=u69eaQcW-fHFQXgCTwIlurxwv6IjJLNxlW_RDazTuaA,127.45,false,0
249,56,Reach government support,deploy bricks-and-clicks applications,food,https://i.picsum.photos/id/445/100/100.jpg?hmac=Yj-p3ojaj1886BldqJCa64rHufotimcplPwn2SM8uBo,44.71,false,0
250,16,Administration sound,iterate integrated experiences,media,https://i.picsum.photos/id/783/100/100.jpg?hmac=XePbLgxbPhz-t8hiqCt9ydHjhguEM-1GknxAzIuSDZQ,121.50,true,216
251,7,Over feeling money,engage cross-platform synergies,clothing,https://i.picsum.photos/id/570/100/100.jpg?hmac=VEJlDpzGtaEKOeH7vWHGRRiKygz14cXzpiEWWniXfXA,0.11,false,0
252,96,Laugh cup hear prove,target back-end users,clothing,https://i.picsum.photos/id/997/100/100.jpg?hmac=43zFFqCDJMKZzkteWpU_yRHU8mkmPFlM_nkt_G9QDZw,480.57,false,0
253,1,Above form,architect extensible users,food,https://i.picsum.photos/id/955/100/100.jpg?hmac=3o1QUKNWy4rEY-nq23QFMSLv2z95r_ejn1QYVyhDx6g,256.99,false,0
254,11,Name eye,streamline interactive initiatives,clothing,https://i.picsum.photos/id/473/100/100.jpg?hmac=vDivN_NVaHhldo49AE1pbHmD4AKsIDlwIdnS6I8pP8o,227.21,true,239
255,33,Key story agree,synergize vertical initiatives,food,https://i.picsum.photos/id/2/100/100.jpg?hmac=Y2da7WhwSnMn7y41c8WEc1ZO_AGIhVD3zTzghi4-Hiw,158.10,false,0
256,26,Rich director population,deliver out-of-the-box ROI,media,https://i.picsum.photos/id/237/100/100.jpg?hmac=Pna_vL4vYBRMXxFMY-lYXcZAL34T7PZWdNDlEOwqqE4,327.01,false,0
257,77,Exist message list,iterate plug-and-play portals,gadgets,https://i.picsum.photos/id/368/100/100.jpg?hmac=qqYvgPmRxIKw7txkb5U9GHFzbqtDv3I7YiC32nEZxNI,139.99,true,96
258,28,Food age listen small,scale front-end methodologies,clothing,https://i.picsum.photos/id/259/100/100.jpg?hmac=RBr6CkkdBjvr4HG2sySZTIadNMdB9UrliEMeWoN9oJI,10.13,false,0
259,93,Stand consider staff week own,engage global paradigms,media,https://i.picsum.photos/id/501/100/100.jpg?hmac=OQoCPmaBJ9e3lfGc0YHsr6jF3vAFsnTVi9ILHCyVKQo,211.59,false,0
260,47,Culture daughter,synthesize end-to-end web services,food,https://i.picsum.photos/id/33/100/100.jpg?hmac=VIiKFY8KpVLKWodY-5wzNAlrBEhu8epg7Gqad-o9qFg,368.66,false,0
261,78,Debate into name,unleash cross-platform synergies,clothing,https://i.picsum.photos/id/455/100/100.jpg?hmac=evc36T2tC-VSutrKiRyUxsXAI9gQ-pAgRO-YtHCN_K4,315.37,false,0
262,57,Reduce ask although get poor,synergize bleeding-edge technologies,media,https://i.picsum.photos/id/244/100/100.jpg?hmac=Z_-10K7_dHHNCNvW8CLIbxgXSJlW2_Ic0utEGp0iAuU,497.51,true,322
263,55,Pull child push,brand impactful applications,misc,https://i.picsum.photos/id/1032/100/100.jpg?hmac=Zs3sf2xCalP6hquSkueCo4Eqw9fhUmlSWb_XT9o-Ehs,154.60,false,0
264,38,Stand one significant get,brand visionary systems,gadgets,https://i.picsum.photos/id/930/100/100.jpg?hmac=8EP5VfT9ot4isymWzdCD35RHZGvo-QHbAyzePtlg-r8,33.87,true,170
265,29,Agency fund consumer through,matrix innovative platforms,clothing,https://i.picsum.photos/id/570/100/100.jpg?hmac=VEJlDpzGtaEKOeH7vWHGRRiKygz14cXzpiEWWniXfXA,482.77,true,118
266,83,Act minute treatment,innovate user-centric methodologies,media,https://i.picsum.photos/id/807/100/100.jpg?hmac=8LI563VN4hdbxPENxEDaUkc3z26rXQ10X5wEcxSYJ0Y,91.37,false,0
267,56,When also long,productize sticky web services,food,https://i.picsum.photos/id/27/100/100.jpg?hmac=IpqBhkumuxyBvW3AHF8vRpj0FZG-av074YhBbKBJZhE,242.93,false,0
268,93,Few allow star,facilitate plug-and-play partnerships,food,https://i.picsum.photos/id/818/100/100.jpg?hmac=A_gsb8f_SmhPP9A1m4it8XBLLU07cX_0xqoEuebpAz0,391.83,false,0
269,28,Plant nature day then,brand revolutionary paradigms,food,https://i.picsum.photos/id/57/100/100.jpg?hmac=iRscNT7V5bAljNI0m4foxHcYRt5G8L6xvSAYVSOMi0A,188.00,false,0
270,39,Ability person,orchestrate frictionless info-mediaries,food,https://i.picsum.photos/id/999/100/100.jpg?hmac=y8YoMd7Y5eLqlpcBum4ddyPcONcBDAp8c8IoIjkXFQY,299.17,true,486
271,95,Career big remember parent produce,aggregate mission-critical models,media,https://i.picsum.photos/id/1016/100/100.jpg?hmac=adJwHEH7ZEvDBjdxV_yT9rULbuibQymMiXk1DBWW158,41.14,false,0
272,91,Would road collection big,iterate out-of-the-box e-commerce,misc,https://i.picsum.photos/id/794/100/100.jpg?hmac=BExA4UsjYsXvzpZsd_YDnKvkYJLUZMsnAhzQdcj7OWE,66.10,true,374
273,70,Behind social her,disintermediate world-class schemas,misc,https://i.picsum.photos/id/565/100/100.jpg?hmac=lIJ2few4qTlYm9JL1vXH35l9tr_hKqFE8kmqgqbfKus,279.50,false,0
274,30,Really check if since hair,envisioneer synergistic mindshare,gadgets,https://i.picsum.photos/id/964/100/100.jpg?hmac=_id-TbaudbdfOV6_2_XIt8DpumpQJ7SdJFJ-m7Od_wU,10.01,true,74
275,32,Present carry break,synthesize compelling web services,clothing,https://i.picsum.photos/id/356/100/100.jpg?hmac=gdacrb9PzjU-XvQTRGjDkGrrxgKpwJjZ6pP_vf-TQd8,141.33,true,447
276,5,True goal section,aggregate mission-critical mindshare,media,https://i.picsum.photos/id/430/100/100.jpg?hmac=Ueyq7z7mTb58Zp6juYUiZU7K1PYoCWRkgygz2_p9c0E,74.80,false,0
277,41,Play pay real,seize wireless platforms,gadgets,https://i.picsum.photos/id/168/100/100.jpg?hmac=CMtc5zH4zR8c6sHp-V9kmVPwKmBy8wsINbSf8kTewDg,396.49,false,0
278,4,Discuss almost serious Mr,revolutionize granular portals,food,https://i.picsum.photos/id/417/100/100.jpg?hmac=WRGZ-uEorJTxO_m-VyHFsjrA7Zo0vo3wKLeikk2RqLg,381.34,true,172
279,83,Account question dinner write,re-contextualize virtual portals,gadgets,https://i.picsum.photos/id/904/100/100.jpg?hmac=Qxe6QmbMqBa1MkCbQzspJdO1YIlyvMDAL1S9CDe_Svg,474.67,true,88
280,63,The particular available,envisioneer revolutionary portals,food,https://i.picsum.photos/id/971/100/100.jpg?hmac=Qusgp9ZJsp2dKZMD1rlKJx8C3T62FzzHSFiwKiMuVms,15.77,true,169
281,22,Doctor nature cup whom,visualize dynamic bandwidth,misc,https://i.picsum.photos/id/520/100/100.jpg?hmac=fl7fTiG-f0XTZOGvqscdtvVymvTHGBc4-vE5Sm5SYXU,337.57,false,0
282,44,Bring society industry control,cultivate bleeding-edge methodologies,media,https://i.picsum.photos/id/620/100/100.jpg?hmac=bzyN8XTTVzqxBr2Y7efXe57NV2vj9pQluM4_-xmSFBU,391.76,true,342
283,24,Security including hot child investment,grow killer portals,food,https://i.picsum.photos/id/939/100/100.jpg?hmac=CgC1Yf6XBtBZDDFb_pYlsRzHP-lSIcM3quSGZJnO_IA,358.20,true,155
284,95,Better child computer,morph next-generation vortals,misc,https://i.picsum.photos/id/190/100/100.jpg?hmac=-nj1TkLDuJnXNtDoj-SC5agHLyGbrPOmnO-0RLiqa-I,372.54,false,0
285,59,Economy fire education,envisioneer enterprise metrics,misc,https://i.picsum.photos/id/99/100/100.jpg?hmac=ajszSA2BULa7jAb3Nb3pIBzoc9mlOyc9WvxSuj9IrTI,11.63,true,217
286,34,Reveal whole increase beat,exploit efficient web-readiness,food,https://i.picsum.photos/id/400/100/100.jpg?hmac=pvDsAYmMO0rcZJDGuhmCPDrPeCkJIkGR90-rqPYCMmw,252.86,false,0
287,68,Near model new run,productize collaborative applications,clothing,https://i.picsum.photos/id/826/100/100.jpg?hmac=Oy6jRipMa_u51BhVbmPbkULBm4Q03rscfyRLWOc1acs,412.75,true,311
288,45,Film at best,generate ubiquitous functionalities,clothing,https://i.picsum.photos/id/456/100/100.jpg?hmac=kV013S6kRVbtmx8N7FYHuihpUlBmNpQzf4UqyrIG-5Q,478.63,false,0
289,56,Major western education,facilitate magnetic paradigms,gadgets,https://i.picsum.photos/id/703/100/100.jpg?hmac=93LFIXhN_2VurvaqsPaQskz3f1sgRvJjCfOQNIdwi7Q,472.65,false,0
290,50,Practice organization fill can cause,optimize cross-platform solutions,food,https://i.picsum.photos/id/9/100/100.jpg?hmac=j4HaWQjj0BsF20TljcF2uvl1OgX_Q-cOjq8MhE4QofA,13.62,false,0
291,9,Model cause letter career election,monetize synergistic channels,media,https://i.picsum.photos/id/314/100/100.jpg?hmac=nh2nxi9SdrJrB4GcKTer5SAe6x1yviXXJ05DORRKlL0,467.47,true,169
292,13,Person body,repurpose extensible applications,gadgets,https://i.picsum.photos/id/1040/100/100.jpg?hmac=IvcWOtfcNfnzjZZxYD_Ml3Y5G52mTmanZ1vkpE7hmk0,92.98,true,337
293,96,If plan before talk,synthesize user-centric web services,media,https://i.picsum.photos/id/313/100/100.jpg?hmac=sFCMQ_ThPOwFQ_FBw9OND0x2sCNO2A-XgspTiDV0Gow,454.48,true,220
294,26,Physical court author carry,harness bricks-and-clicks technologies,media,https://i.picsum.photos/id/113/100/100.jpg?hmac=IsiR_TebIsvOSlD4AoCgyWMwSYT_GksxmlZdluz_yEA,175.31,true,237
295,16,Sound market best only,grow turn-key ROI,food,https://i.picsum.photos/id/780/100/100.jpg?hmac=Ag-EwFZMapTLk-58YgCFUhTzbxF-6E81aPk42W7Yizs,338.40,true,140
296,45,Both focus,harness extensible supply-chains,food,https://i.picsum.photos/id/582/100/100.jpg?hmac=l0VfPK3U0H4sHveVk7KRVdFKrKefxsKQxBCn7w3VKh4,96.84,false,0
297,81,College newspaper little,incentivize strategic deliverables,gadgets,https://i.picsum.photos/id/293/100/100.jpg?hmac=R99unGZeEZrWy_CYOWyURlBV1OYYRhtA6T35ecV38V0,459.90,true,27
298,48,Hospital machine,orchestrate B2B markets,food,https://i.picsum.photos/id/373/100/100.jpg?hmac=GA8SLTraYSK3ExfsYIEeLOZIPghWOTtvCe3zyhKu1HY,77.80,true,428
299,51,Throughout example office between table,productize seamless interfaces,clothing,https://i.picsum.photos/id/506/100/100.jpg?hmac=HKqSQtSafy8ZWzG1OGgG9TZDj9hOFDEJEt_BQI5d1Ck,271.57,false,0
300,97,Phone positive idea throughout,reinvent granular infrastructures,clothing,https://i.picsum.photos/id/817/100/100.jpg?hmac=B-cePQvQtpdABWSoCXP61pkkosxsNyy8a43i_Dv_Nko,326.66,false,0
301,86,Than probably before might,exploit seamless bandwidth,food,https://i.picsum.photos/id/84/100/100.jpg?hmac=FNueX85-PC_UCqnO24nCbt3E_B_d3Hxk7u2AXDHtMEw,71.44,true,256
302,28,Assume trouble key,transform bricks-and-clicks e-services,food,https://i.picsum.photos/id/1078/100/100.jpg?hmac=WJWXVvwA32jM4De7_dqwHCxqrwBorkh1wJ3OWEX6KTA,165.17,true,122
303,78,Fire market gas wind task,productize real-time technologies,food,https://i.picsum.photos/id/210/100/100.jpg?hmac=XOXoLd-NCqhTWhHLV2W7ABjNAbZAkt9xpuhzqx7EoQE,318.87,true,140
304,25,Nature street find community,streamline ubiquitous deliverables,misc,https://i.picsum.photos/id/229/100/100.jpg?hmac=rr3nwhpjaZelGscaBcDMtEB6tPeMEWkqcNMlnnOh5fs,287.78,false,0
305,53,Part full your yeah,orchestrate proactive info-mediaries,clothing,https://i.picsum.photos/id/743/100/100.jpg?hmac=TXspU1IaoOkEx-bqCVSKAvvAFhONuiL1cK6ghn7s0Zo,0.10,true,437
306,17,Area traditional,repurpose dynamic partnerships,food,https://i.picsum.photos/id/354/100/100.jpg?hmac=uMdJ0NmQ2I95VIhrYQJfKJlUaaJ2dMPauv7ibSFRTkI,388.29,true,459
307,46,Worry week people worker,productize next-generation e-tailers,media,https://i.picsum.photos/id/299/100/100.jpg?hmac=W7Tik8TSXt-S0iE-BushhibPQ58tO9V-i-BB1IA7gh0,368.05,true,292
308,0,Scene increase simple as,whiteboard end-to-end vortals,gadgets,https://i.picsum.photos/id/53/100/100.jpg?hmac=sR5rDdHnCtk2euGeEL1oa2yW50iqc7mPGF8dz17yzaE,452.37,false,0
309,43,Including form entire thank kitchen,incubate open-source interfaces,gadgets,https://i.picsum.photos/id/1005/100/100.jpg?hmac=y7B-eAFDTgdmRzqGNyikDoyXN3Qr_yu_EkwApRPzieA,476.51,false,0
310,89,Degree training,target seamless interfaces,media,https://i.picsum.photos/id/726/100/100.jpg?hmac=hkv9ca-cMQWhZBXF7hEWDnGBDIpuILRhFLQ2o-4kS4w,378.94,true,471
311,22,Couple year person understand,optimize real-time mindshare,misc,https://i.picsum.photos/id/457/100/100.jpg?hmac=jHZBxsmi_fQ2itfDCY5JIldrNxnCdfjxKJlcludRow8,83.75,true,339
312,62,Loss easy why,embrace scalable deliverables,food,https://i.picsum.photos/id/743/100/100.jpg?hmac=TXspU1IaoOkEx-bqCVSKAvvAFhONuiL1cK6ghn7s0Zo,359.94,true,405
313,95,Third option,orchestrate best-of-breed experiences,gadgets,https://i.picsum.photos/id/576/100/100.jpg?hmac=0SRZ0Z7OCD3KCYZVGrPKOtVhNLuii2LCG_r64t3aMiY,187.12,true,193
314,62,Friend through data,enhance visionary metrics,gadgets,https://i.picsum.photos/id/678/100/100.jpg?hmac=gUT_ZhpQragsiJM2V25NdsEVlm4eq2xkcDxD35zZiQs,48.17,false,0
315,12,Wait candidate under,empower efficient methodologies,gadgets,https://i.picsum.photos/id/775/100/100.jpg?hmac=TK5F6j8zw8cHmwtBJ-ImEQpa-bgXVIiz9r68wA7yMnU,86.57,false,0
316,69,Senior how,streamline dynamic supply-chains,media,https://i.picsum.photos/id/764/100/100.jpg?hmac=ujTBQ9Htuc5qwKcA7zJqIzxSUcLATv6mXbPSkimwm1o,452.31,false,0
317,54,Buy assume part father himself,unleash leading-edge convergence,gadgets,https://i.picsum.photos/id/971/100/100.jpg?hmac=Qusgp9ZJsp2dKZMD1rlKJx8C3T62FzzHSFiwKiMuVms,86.11,false,0
318,58,Social per,leverage B2B schemas,misc,https://i.picsum.photos/id/147/100/100.jpg?hmac=ZKzrDm4MliOp9keOjaqpf9qNdBrrTTu-_C5mfgA6uMk,172.87,false,0
319,88,Social standard,empower plug-and-play technologies,food,https://i.picsum.photos/id/974/100/100.jpg?hmac=EMbhV17RKvuFbakMTK1ohTr25LkaGVuBzPqRk32qPPU,207.03,false,0
320,14,Southern feel fear,orchestrate holistic systems,food,https://i.picsum.photos/id/923/100/100.jpg?hmac=KXdgOCL4aWLuauVumcljpx8egKzYNTF3Z1M379E-PW4,311.41,true,213
321,3,Surface weight southern,leverage strategic e-markets,misc,https://i.picsum.photos/id/535/100/100.jpg?hmac=RE_OMIS3blc16EHbcFwrlITHJBoLDToUZ_1ZeRKeXZw,442.57,true,465
322,53,Car usually growth opportunity,transition strategic infrastructures,clothing,https://i.picsum.photos/id/880/100/100.jpg?hmac=z4bgiOxZGiWQFdUlfg7M2u6EA8tZfZg5wNDd8mIA5Qo,57.25,false,0
323,91,Agree tax form,seize dot-com systems,misc,https://i.picsum.photos/id/252/100/100.jpg?hmac=keUvdcCSluX0iNcJ7CpfPur0MPTBddHUoR2cw00JnkY,383.04,false,0
324,57,Treatment development serious seat,implement impactful supply-chains,clothing,https://i.picsum.photos/id/669/100/100.jpg?hmac=m-2fK_e4diOt0lVwUty2PypwtLHf6uJe7n6aLKRoH0I,488.72,false,0
325,37,Computer respond current,embrace synergistic architectures,clothing,https://i.picsum.photos/id/742/100/100.jpg?hmac=_Iaw26wvZ4EiGK5Q8hn7yqiAiHEfmjqXYOdwKyhBqNo,154.32,true,443
326,51,Project trade,optimize viral architectures,media,https://i.picsum.photos/id/845/100/100.jpg?hmac=5rZ4YGatIsJ9XnHr80ZeJ1H4bqZXMHcwGpn-DshKTHU,40.09,true,275
327,8,Food laugh newspaper,expedite mission-critical communities,clothing,https://i.picsum.photos/id/486/100/100.jpg?hmac=oDas-JUezDfh-5fJWmCFuQ8jE1HmNJfPrRj3yPx1wzs,392.77,true,448
328,56,Degree article available,visualize scalable metrics,clothing,https://i.picsum.photos/id/1016/100/100.jpg?hmac=adJwHEH7ZEvDBjdxV_yT9rULbuibQymMiXk1DBWW158,87.63,true,267
329,37,Scientist nothing change suffer space,implement open-source experiences,gadgets,https://i.picsum.photos/id/928/100/100.jpg?hmac=uKTCj0eIUxLzVUyq7xyy2cbVz9h3SxdmgvKOWylOO8A,457.69,true,298
330,38,Off government,facilitate efficient convergence,food,https://i.picsum.photos/id/306/100/100.jpg?hmac=rup8K3YVwAtB6lIIVCKNLZOFPEP6HlJA6eTkl_V-2YQ,153.72,true,181
331,4,Study others,transition wireless synergies,media,https://i.picsum.photos/id/155/100/100.jpg?hmac=B81g8yBckUoQbJmgcZna0gcebXS72bMJO4Bsas71RIY,119.55,false,0
332,37,Compare of,incubate innovative experiences,food,https://i.picsum.photos/id/574/100/100.jpg?hmac=m3h5bdn1HntN4XBt3g-QOp_RbY6ImWEtlNCcCDVdFIc,342.05,true,66
333,50,Our safe prepare blue,cultivate revolutionary interfaces,media,https://i.picsum.photos/id/411/100/100.jpg?hmac=_YL-M86gt7uoxsBdguiRP-cyG8CE2mdfDKxmtup7qQw,417.36,true,432
334,48,Prove picture,mesh 24/365 mindshare,gadgets,https://i.picsum.photos/id/145/100/100.jpg?hmac=wcWX-F06MdFSK03aHhqi0ALhZnXEEj8T6-FPhliXl6I,305.31,true,213
335,63,Wind answer stock full road,maximize 24/365 e-tailers,food,https://i.picsum.photos/id/847/100/100.jpg?hmac=mNMBKHl05n3yBRHnixXkbInC3DpahWeaXr2qDBY3a24,102.15,false,0
336,96,Form fight century office,deploy efficient markets,media,https://i.picsum.photos/id/591/100/100.jpg?hmac=OTAQ6M5qYlC9YkSaWaMO0ycc96IOr6-ODSpU87kpoJU,408.14,false,0
337,20,Size improve hit nice,grow bricks-and-clicks paradigms,misc,https://i.picsum.photos/id/125/100/100.jpg?hmac=3n3k2jh1ixXurSaIYJCLR2JTRJ1RSEimWoj43IC7Rhs,268.29,true,263
338,51,Difference rock music check,leverage seamless web-readiness,gadgets,https://i.picsum.photos/id/990/100/100.jpg?hmac=ovdPtSVHqbTpNDoZ4Sx4h95e0Cmz6t8Zkj0X6EU8Ccs,58.16,true,280
339,53,Actually small case,deliver killer systems,misc,https://i.picsum.photos/id/194/100/100.jpg?hmac=sIqZ7VqV2BUICilc5aGjpKm86j1iaCQ7d1lEdrVgAhc,138.99,false,0
340,99,Seem operation,aggregate cross-platform web services,food,https://i.picsum.photos/id/655/100/100.jpg?hmac=gH0w54QSeF9kcygfaOz5cegh701OjimF5QmvE5Eu4xU,355.34,false,0
341,47,Around enter blue,envisioneer dynamic supply-chains,clothing,https://i.picsum.photos/id/984/100/100.jpg?hmac=oSUdNbP1iNU9MIYmws5xAyGkY4JIjOTPwJLnvajavKo,123.25,true,351
342,48,Movement edge collection,seize impactful web-readiness,misc,https://i.picsum.photos/id/699/100/100.jpg?hmac=CNGj_rh6dLPIhP9XoHwZ9VFiKbLEdNFc_WJR6D2lboU,342.05,false,0
343,87,Effect remember,deliver seamless infrastructures,food,https://i.picsum.photos/id/992/100/100.jpg?hmac=ZZ0b9I4yluXyGDgqx9KSGAwQ2QB7hj40o4dh0JKOdF8,256.54,false,0
344,22,Something expert suggest,extend distributed ROI,media,https://i.picsum.photos/id/382/100/100.jpg?hmac=aMMIeWisSAI5yG-yYB8ZnDNt7hW93dIJIArYsXsUMXA,460.37,true,482
345,68,Ready back song group environmental,harness sticky channels,media,https://i.picsum.photos/id/203/100/100.jpg?hmac=7UcR5YCixpDxXuPyrCN1UbZPU9-HlBY_Emujoje6inw,418.80,false,0
346,64,Artist she husband,syndicate turn-key e-business,gadgets,https://i.picsum.photos/id/885/100/100.jpg?hmac=TnefxktnHwOpg30Wb29PGL3zw6AcAKr9QLJPaMHupYk,247.18,false,0
347,5,Ready at order attention,embrace impactful e-services,gadgets,https://i.picsum.photos/id/770/100/100.jpg?hmac=JvwGaqemiztTlBrTR_6mJawvTuugVVH0HV13sXH0BFk,320.13,false,0
348,80,While woman travel not identify,extend transparent deliverables,gadgets,https://i.picsum.photos/id/78/100/100.jpg?hmac=-wN808c7hJuYA9Iuu7Fpfxz_Zv-T7c1-kSfYESHWS-E,116.99,true,84
349,83,Wear movement,orchestrate distributed convergence,media,https://i.picsum.photos/id/47/100/100.jpg?hmac=_qWaxPpbFMHdU26gAMani4rFcYKZf9e_FC1FNdSIkZ8,261.31,false,0
350,99,Use out cost,facilitate viral web services,food,https://i.picsum.photos/id/5/100/100.jpg?hmac=78-fPq8SsR5Ezp_LUmIsIKQqSy7CwGcGkrFbGkp4pGM,171.19,true,263
351,40,Through bill seat no type,extend compelling deliverables,misc,https://i.picsum.photos/id/440/100/100.jpg?hmac=p12RA2JUg7MqUG7vXd9AAYY5UTuSewJeLIe8tyYlB_Q,357.63,false,0
352,42,Bed among understand else represent,enhance cross-platform portals,food,https://i.picsum.photos/id/736/100/100.jpg?hmac=kShrdDQM0bIKiPjlj9p06pjkJkPC13imAZhB9IRHU1s,411.57,true,20
353,85,Keep remember,engineer open-source portals,media,https://i.picsum.photos/id/862/100/100.jpg?hmac=fR-3LXTeXfNJv3tiJ_CdFmPGbKT2sZJX5U6Hdh5rVJo,9.43,false,0
354,81,Spring room with,redefine enterprise solutions,food,https://i.picsum.photos/id/77/100/100.jpg?hmac=dAmGnDK7yP6SYLu3LhZqrG6mXoZltliwkcZxFxNVMS8,201.80,false,0
355,51,Against take budget agency century,e-enable end-to-end markets,misc,https://i.picsum.photos/id/778/100/100.jpg?hmac=n-Y86yw6MYyM-Ybnagk4dPTHyn5XhY2XWVW7ciIsSFA,149.25,false,0
356,31,Bar development item popular receive,envisioneer vertical partnerships,media,https://i.picsum.photos/id/531/100/100.jpg?hmac=PHgpmwwSMI65HfQqPFMCiSW40yf4d9bMo3eDYJDO0Og,140.80,false,0
357,27,Rise laugh citizen,implement frictionless networks,food,https://i.picsum.photos/id/31/100/100.jpg?hmac=Ui97WnJnLgfGqyNJQduJHjppDXDxMFvJiBh6IAv1T2I,47.47,true,342
358,28,Many fine so,extend turn-key experiences,media,https://i.picsum.photos/id/321/100/100.jpg?hmac=bU_4G2P1lU7z7SMUlAFqcNQXtrZzyzWs6RlqRgixlmY,474.78,true,125
359,16,White better black,expedite e-business applications,misc,https://i.picsum.photos/id/808/100/100.jpg?hmac=n3HLNgFOvvzQF0VK5JG-fpST6ZvasY1A3-mvM_NjLxE,222.58,false,0
360,50,Save several,mesh turn-key deliverables,clothing,https://i.picsum.photos/id/468/100/100.jpg?hmac=9PvsPN0iS2LwjNELceXwL6QqGZ_k_5REaTKA87h8Xok,64.78,false,0
361,70,Pull organization serious,target interactive interfaces,gadgets,https://i.picsum.photos/id/824/100/100.jpg?hmac=43-ofiLbqklV1TGkhTnxPECbzWdCkIX8FgkatYg6lGw,285.84,false,0
362,94,Start of wind,scale real-time systems,media,https://i.picsum.photos/id/341/100/100.jpg?hmac=uTo6BjQWB4XYejA3rfee11jfa_cqq8iFi_DZ0EgBjOk,52.75,false,0
363,41,Respond tend,extend clicks-and-mortar platforms,gadgets,https://i.picsum.photos/id/1031/100/100.jpg?hmac=NJZzkHhjzrp1jOdwW1Rxh8tMLk3LEZVs1hEeYVvrDL4,426.75,true,286
364,25,Pull above us adult see,embrace vertical models,clothing,https://i.picsum.photos/id/511/100/100.jpg?hmac=M3LBrN2MFTqE9neZoAMa8mJP79SaVcNT7-X3X5l1ehs,140.65,false,0
365,33,War husband land,syndicate extensible supply-chains,food,https://i.picsum.photos/id/836/100/100.jpg?hmac=lHGp7rM318FER_wn5lwTBAq7fRhCzOerfmiehcHBop8,388.73,false,0
366,13,Really child lead sport,empower magnetic ROI,misc,https://i.picsum.photos/id/410/100/100.jpg?hmac=UQRIsX0ye9GOjSO_dRTLH1fuP1gtMj6VYk3O7rk3Nzo,495.58,false,0
367,33,Behind upon young need,revolutionize dot-com relationships,gadgets,https://i.picsum.photos/id/316/100/100.jpg?hmac=95wbbSMwBwbXw5KlZNSFbf0hZqKMK4_oO9MfyKIvwUs,184.07,false,0
368,85,Community expect live music,monetize turn-key niches,misc,https://i.picsum.photos/id/350/100/100.jpg?hmac=CS91trMdWCoRiBXZBelbXihb2HJ_8QJXOBIxmDVn6fg,320.40,true,419
369,44,Space store,reinvent synergistic e-business,gadgets,https://i.picsum.photos/id/930/100/100.jpg?hmac=8EP5VfT9ot4isymWzdCD35RHZGvo-QHbAyzePtlg-r8,355.33,false,0
370,0,Citizen girl do them,streamline enterprise systems,media,https://i.picsum.photos/id/788/100/100.jpg?hmac=z9gilrMcmA38nDPv5YJuKSAigFZAZKrTcYuEOqBTPWo,331.76,true,167
371,3,Learn economic,scale virtual bandwidth,food,https://i.picsum.photos/id/432/100/100.jpg?hmac=dOr26YVrgXExJb9VRTBC9RRKIz8VeL40e_-JU_H_9kY,356.98,false,0
372,71,Enough case,implement dot-com e-commerce,misc,https://i.picsum.photos/id/211/100/100.jpg?hmac=KnNNBOf5DbXvG5HsKUAg-IChUMt6DtguS-oo1T-WxaQ,338.99,false,0
373,8,Loss full free another,mesh web-enabled systems,misc,https://i.picsum.photos/id/1033/100/100.jpg?hmac=tomT-dDv5vivqHh5P2NCXMYcsD8G3D4-hAqxbdQ7O2c,362.02,false,0
374,40,Modern there,unleash one-to-one schemas,clothing,https://i.picsum.photos/id/25/100/100.jpg?hmac=H8MWlilVupec9GKsPqyGFZdGPQoecAYHYr_Qth8FNdQ,15.93,false,0
375,19,Occur music item,grow back-end ROI,food,https://i.picsum.photos/id/953/100/100.jpg?hmac=cUeLK576EIMgd_DIRPL5DSLU4AR_8Pdl8XhNtDNB4OM,184.86,false,0
376,94,Phone director accept teach,revolutionize mission-critical channels,misc,https://i.picsum.photos/id/942/100/100.jpg?hmac=mrLZB-6XfPTzQANcCLZtZgq0KY_HZlPbXWOxEumrE5E,169.72,true,10
377,5,Various watch choice cause natural,deploy integrated web-readiness,gadgets,https://i.picsum.photos/id/936/100/100.jpg?hmac=Y1HP8tGBdbyGXlqQfapmz3xTMzKARU8VRqGLIyk86vs,147.44,true,122
378,75,Happen show,facilitate e-business networks,gadgets,https://i.picsum.photos/id/685/100/100.jpg?hmac=GU6I0MneqeL5hn5X0Xa1MykjRNcH3ytsRkHOnmnZ3dU,187.08,false,0
379,24,Water offer son defense,mesh viral metrics,clothing,https://i.picsum.photos/id/607/100/100.jpg?hmac=KirK27Stapje2aRxwd4TriQ6I4tVkaFmJz0tXXEsqIg,480.64,true,164
380,74,Nice per pattern group life,grow viral interfaces,media,https://i.picsum.photos/id/340/100/100.jpg?hmac=gnKz2eQWJHLCt77FmIn89qbeYPHzOg6wELJ1l-FmekI,184.12,false,0
381,19,Talk conference language,evolve out-of-the-box relationships,gadgets,https://i.picsum.photos/id/1038/100/100.jpg?hmac=puJUwaaQGJjPLp7gaWny4gq6utWFb2d4hViy-PAt3oQ,445.84,false,0
382,19,Whom current old yeah,brand interactive synergies,gadgets,https://i.picsum.photos/id/345/100/100.jpg?hmac=fW1aLnpUTb_aQ2tjdKZXRgnpTUYPj0aV1C22oqBsUqE,69.03,false,0
383,52,Speak behind appear home person,aggregate user-centric synergies,misc,https://i.picsum.photos/id/1044/100/100.jpg?hmac=IGzsuFyCgR4u_DgqnNlOHxY-ThKh9C02XhZAqHyVy0Q,117.51,false,0
384,63,Interesting idea if finally cold,e-enable world-class initiatives,misc,https://i.picsum.photos/id/241/100/100.jpg?hmac=F2eJbjHdWyRRc-LgJ6DDRw7DV6JSikr0C48VT8zmm1E,318.57,true,295
385,49,Responsibility eight west,target turn-key info-mediaries,gadgets,https://i.picsum.photos/id/381/100/100.jpg?hmac=IM1f82HpWgYjI-7sx3DpOj32VU-b4K2F9xjRtxMxv9w,260.96,true,160
386,72,Make case,architect out-of-the-box synergies,gadgets,https://i.picsum.photos/id/879/100/100.jpg?hmac=Hli6rr5oVHumOMCc_9UQDrwKiieamugFTrH02bHzPNw,319.55,true,467
387,0,System participant card,morph 24/365 channels,media,https://i.picsum.photos/id/192/100/100.jpg?hmac=iqi6mdb1cAlGkz7rFWSAmDqMk6UP0wysjBi1PLHHRR0,289.84,false,0
388,46,Partner son air out,repurpose cutting-edge convergence,gadgets,https://i.picsum.photos/id/674/100/100.jpg?hmac=nMr-Sc9x12bh8va_E2W3Y3Dg-8v9izlu0SPbpAg7PxM,408.18,false,0
389,63,However you drop,e-enable plug-and-play solutions,clothing,https://i.picsum.photos/id/54/100/100.jpg?hmac=oxCSWheUOKdw8mpg8_aKbKG1Ryh5ODu4RFpyFLMAa8E,254.97,false,0
390,4,Dark factor tell billion,empower granular eyeballs,clothing,https://i.picsum.photos/id/666/100/100.jpg?hmac=Xjf4Hi6bLy9F0mGU4TLhij2wvMjYTqG3GTfs0xUvU6M,157.16,true,178
391,26,Or city bit your education,envisioneer front-end ROI,food,https://i.picsum.photos/id/677/100/100.jpg?hmac=y8oTRhwGKhw6TmSgaOT3DlbrU5oVqEFa2E5U2cveOiE,142.73,false,0
392,13,End require night personal,iterate sticky schemas,misc,https://i.picsum.photos/id/846/100/100.jpg?hmac=MIrweaSnfc3PC93ZXP2_RIwTtSgyr4Rj59QNAKYgsfg,414.07,true,175
393,93,Parent some three onto,enhance 24/7 e-commerce,media,https://i.picsum.photos/id/69/100/100.jpg?hmac=778_yIc69cGrYGQ5fjS-atbQSzGZ8ih9yi_I-379-zU,486.85,true,304
394,32,Gas right yes American call,transition bricks-and-clicks web-readiness,gadgets,https://i.picsum.photos/id/1076/100/100.jpg?hmac=KC5mKw8ly8KVPUasTXxyDYoIVyrMt-0vFNKUvG_6DZE,414.42,false,0
395,69,Bit network,architect world-class experiences,misc,https://i.picsum.photos/id/585/100/100.jpg?hmac=aT28j06l-pFS46D95AKOAzzQYhk2lrnAWZ28cQzydn8,206.18,true,450
396,10,Pm debate,deploy one-to-one e-markets,clothing,https://i.picsum.photos/id/408/100/100.jpg?hmac=uVY1YwYsRbEEWFxlrewgehvUDUkdFxK_koR5rf9VF9s,173.11,true,479
397,92,Event under same,leverage killer architectures,media,https://i.picsum.photos/id/643/100/100.jpg?hmac=DoYp3zS133rVAYeA9yMaWytREAqx6yA4i0rCNXy4jwQ,101.26,true,492
398,66,Industry skin which,transform bricks-and-clicks functionalities,gadgets,https://i.picsum.photos/id/786/100/100.jpg?hmac=U1abk7VHh3Xe1NJZtRkB0hEL0TEHGWQKnuE5iO_kNHY,128.65,true,256
399,74,Not not produce,morph user-centric experiences,food,https://i.picsum.photos/id/570/100/100.jpg?hmac=VEJlDpzGtaEKOeH7vWHGRRiKygz14cXzpiEWWniXfXA,400.04,true,168
400,42,Perform whose,transform web-enabled content,misc,https://i.picsum.photos/id/949/100/100.jpg?hmac=h5CK8p2zxwRhu2xD4hDNlVsYzDPutcI-ajLuMO13YGM,33.12,false,0
401,61,Trade different draw,integrate scalable bandwidth,media,https://i.picsum.photos/id/666/100/100.jpg?hmac=Xjf4Hi6bLy9F0mGU4TLhij2wvMjYTqG3GTfs0xUvU6M,280.70,true,218
402,31,Perhaps best company,envisioneer sticky systems,media,https://i.picsum.photos/id/55/100/100.jpg?hmac=yO-3D2_yxelJcWc4bo3hDDUzdFTN1VguokAAz9DRR3o,103.83,false,0
403,33,Course laugh civil degree,maximize wireless convergence,media,https://i.picsum.photos/id/984/100/100.jpg?hmac=oSUdNbP1iNU9MIYmws5xAyGkY4JIjOTPwJLnvajavKo,134.49,true,68
404,92,Must body doctor tough radio,maximize efficient synergies,gadgets,https://i.picsum.photos/id/104/100/100.jpg?hmac=-YpE61FPdVyCGzThkLXFkqgCRn2_9HZz_hzX50VTQ3w,228.27,false,0
405,28,Often agency spring,brand proactive networks,misc,https://i.picsum.photos/id/966/100/100.jpg?hmac=uaFfK3qGeYgw8S7lXLZ6Y0qnRrAhF07NMHszPSYH0Ko,404.02,true,28
406,52,Feeling former ago new blood,empower revolutionary supply-chains,food,https://i.picsum.photos/id/1019/100/100.jpg?hmac=hxsuTu62tXQoENTtg_IWm_L5oDmp8L9bM1MLu3QsBq4,31.44,true,318
407,88,Theory moment,transform robust e-tailers,misc,https://i.picsum.photos/id/977/100/100.jpg?hmac=4xWnwMs-BBh5Hn_LzpINn7gEsWLOkFCeC3VEI1heUh0,297.52,false,0
408,12,Congress television,engage web-enabled e-services,media,https://i.picsum.photos/id/633/100/100.jpg?hmac=JZH9HtFr2eiO8wwbaT-q8cp2UyjM-8F7HzHpCn6ev10,470.77,false,0
409,51,Anything morning surface,cultivate bleeding-edge channels,media,https://i.picsum.photos/id/1018/100/100.jpg?hmac=dW6l-FHYBU7Mx6nKFFc-3Xl8s3i1GdrNUxQjnyKh4FU,353.84,false,0
410,8,Direction share budget,brand holistic e-markets,gadgets,https://i.picsum.photos/id/435/100/100.jpg?hmac=aOTrl6dYPmtLS2Oes18by-8DE2jPjmlTnmIZlbWL5Gk,311.24,true,283
411,89,Choice manage of catch,matrix extensible architectures,misc,https://i.picsum.photos/id/479/100/100.jpg?hmac=2bYIJatdhVz-KV7QeLE6e4uFuTocBVeVuMAH1wklub8,245.85,false,0
412,76,Forward policy mouth success,monetize web-enabled supply-chains,gadgets,https://i.picsum.photos/id/139/100/100.jpg?hmac=XVH4-AfWDQiDE7SWrUwrngNLnTkJFBfaAdKcZY1Ry5c,122.65,false,0
413,34,Small focus floor,e-enable best-of-breed platforms,gadgets,https://i.picsum.photos/id/183/100/100.jpg?hmac=EbfFs3fByaetUI6FvC4Ne0HRhVpjnuaFyYVr9YIJzG0,153.24,true,125
414,52,Clearly defense soldier term each,mesh bricks-and-clicks interfaces,food,https://i.picsum.photos/id/614/100/100.jpg?hmac=hWVirLLqskwtw7R66DIG0SiOSdsyfuv6CB3tW690LKM,299.60,false,0
415,86,World police,exploit real-time portals,food,https://i.picsum.photos/id/487/100/100.jpg?hmac=HcnV8RwpeO6tRW4XpjWB0eNQi-on9DCaeTSLV6e56-Q,199.50,true,13
416,77,Skill indeed four,brand enterprise paradigms,gadgets,https://i.picsum.photos/id/870/100/100.jpg?hmac=6bSaRsVHn_X1iKPE8Z0nNK-eXT9wr8n6K-Ocjkd7bek,473.60,true,465
417,11,Character pattern,engage web-enabled communities,gadgets,https://i.picsum.photos/id/38/100/100.jpg?hmac=amRcmyq0ukfhrUhjA7ovRc8kxpfb82Ht7KfpvY4sAaU,217.17,false,0
418,96,East avoid chair cover,enable value-added web-readiness,media,https://i.picsum.photos/id/248/100/100.jpg?hmac=vVhfFmzPmJ_WYnQT7LrSSHQxnyzMI75lj3-eAUcJ19E,141.38,true,196
419,59,Wife present although president across,strategize synergistic infrastructures,gadgets,https://i.picsum.photos/id/654/100/100.jpg?hmac=lbMK9SBqqH-Ro3ulFvwNFyKesF8HB-sRH4FvoehJsSU,13.86,false,0
420,92,Discussion would arrive teacher where,leverage killer functionalities,food,https://i.picsum.photos/id/400/100/100.jpg?hmac=pvDsAYmMO0rcZJDGuhmCPDrPeCkJIkGR90-rqPYCMmw,440.69,true,269
421,27,Show support summer type focus,enhance leading-edge vortals,gadgets,https://i.picsum.photos/id/837/100/100.jpg?hmac=WuT8Yrilav5pdHA43qBhOXWofvbfIHO1H4DJlYDpFlo,459.11,true,56
422,58,Long economic,productize virtual paradigms,misc,https://i.picsum.photos/id/554/100/100.jpg?hmac=m6fkrnYehWigwxa1ofRwUo6IIRxXTw_0g5zZHD0BUIw,90.20,false,0
423,95,Feel wear official,streamline bleeding-edge web-readiness,misc,https://i.picsum.photos/id/256/100/100.jpg?hmac=HhBvsZPv9UFyPCSCjh8x2oiVeGY94D44P-siytPEdEE,393.85,false,0
424,32,Speech right example modern,disintermediate end-to-end partnerships,media,https://i.picsum.photos/id/526/100/100.jpg?hmac=g8TCj1vYMeR6Fs3Uqe6DIjamvmegluXasW4M4BiYR68,274.14,true,79
425,21,Increase much right phone,morph value-added deliverables,food,https://i.picsum.photos/id/36/100/100.jpg?hmac=xTPoG920VCO1fG3G3kMmTQIF5bSmfqnOvvQ-SWP5cY8,482.84,false,0
426,84,Office represent,target intuitive platforms,media,https://i.picsum.photos/id/536/100/100.jpg?hmac=Fq-60fBY-R31YS7q6QQLzxxM0Rp3evX74A-XHVuaazk,428.80,true,196
427,94,Impact no almost,brand efficient technologies,clothing,https://i.picsum.photos/id/716/100/100.jpg?hmac=VzQH3Pcy4hVx3DveJ9fcUw-8w-BmzpH1E-70YFDu3bU,42.81,false,0
428,69,Trial other night somebody,repurpose revolutionary e-services,media,https://i.picsum.photos/id/849/100/100.jpg?hmac=M9uIZVw1tsdWUBnq5qTxwPtTWaHCw5Djgo8FFaKoIpo,377.92,false,0
429,17,Music rest until new enter,deliver bricks-and-clicks technologies,media,https://i.picsum.photos/id/282/100/100.jpg?hmac=wBHOHVFU_MPYo7WfTnjRtx60ffjuYsiFP1Wep1Soqp0,67.04,true,320
430,38,Large about into,engage value-added communities,food,https://i.picsum.photos/id/563/100/100.jpg?hmac=ZZqe8eSvZ-Elin0diKs2oWnPM38Ohab2_2r9iLTETF4,187.53,true,448
431,97,Shoulder matter not,drive e-business vortals,clothing,https://i.picsum.photos/id/375/100/100.jpg?hmac=b0iThjJguZ5PZb0C5HvciOK4YbWt4hIrSZApUX1nGlY,340.05,false,0
432,97,Everything writer mean series,maximize robust models,clothing,https://i.picsum.photos/id/994/100/100.jpg?hmac=FZdb3YhaXv7Jc3pSNwCQ2oMlFuPzCh09JUCCEuV-vfk,105.35,true,445
433,23,Discuss bad discussion however,whiteboard proactive eyeballs,misc,https://i.picsum.photos/id/883/100/100.jpg?hmac=8AMjj7D-GeG-ikhFqF7u6mK3XUvmSzGZD5iEknhM_yg,147.90,false,0
434,83,Note fear,synergize one-to-one e-business,gadgets,https://i.picsum.photos/id/120/100/100.jpg?hmac=BC6jd1daOdL8nIMMEl47rE-stUIat9SiLZyJ2aYGPf4,45.85,false,0
435,46,People and big,repurpose plug-and-play solutions,gadgets,https://i.picsum.photos/id/142/100/100.jpg?hmac=oQFZx2Bo0LaJNn6ZbfDcha7mZwz8eFgzmmrkUmbHxGg,148.94,true,396
436,0,Tax owner,cultivate 24/365 models,clothing,https://i.picsum.photos/id/984/100/100.jpg?hmac=oSUdNbP1iNU9MIYmws5xAyGkY4JIjOTPwJLnvajavKo,250.71,false,0
437,66,Walk child above lawyer,cultivate transparent functionalities,gadgets,https://i.picsum.photos/id/715/100/100.jpg?hmac=-I09_nBg7dh6WJccLD_yWr6U-BfWaU67yWCsx3BUPYQ,488.93,true,42
438,72,Future people require quality information,leverage dot-com technologies,misc,https://i.picsum.photos/id/696/100/100.jpg?hmac=roc9oRyugUV0FAqTzSRQm3VchaMxmx1jwludwnqDr6c,150.85,false,0
439,99,Ability wide attention fact level,engage bricks-and-clicks info-mediaries,misc,https://i.picsum.photos/id/22/100/100.jpg?hmac=sw2ImYs3c3rN_vJyW9m56xMzqBgydQ4L0toaTbpSOtU,35.83,false,0
440,26,Leg kind certain ready,matrix bricks-and-clicks partnerships,gadgets,https://i.picsum.photos/id/183/100/100.jpg?hmac=EbfFs3fByaetUI6FvC4Ne0HRhVpjnuaFyYVr9YIJzG0,331.72,true,301
441,17,Experience ball role their once,revolutionize ubiquitous schemas,media,https://i.picsum.photos/id/786/100/100.jpg?hmac=U1abk7VHh3Xe1NJZtRkB0hEL0TEHGWQKnuE5iO_kNHY,142.23,true,423
442,82,Goal join reduce allow,incentivize cutting-edge experiences,food,https://i.picsum.photos/id/903/100/100.jpg?hmac=QD22q09K2-xcctGf5IvWnaCKl4tLQWwG_H0IFgh0f3E,23.48,false,0
443,76,Bring wait community,expedite scalable partnerships,food,https://i.picsum.photos/id/459/100/100.jpg?hmac=xoctsuxLHOoSAWLa5tTdzmd-64yg2k6YxXb5huYV86g,128.18,false,0
444,97,Throughout describe political,redefine vertical markets,media,https://i.picsum.photos/id/127/100/100.jpg?hmac=PMM3SFJSnH6himc5SE9UJHMulby4JxirEf-Hti1P96k,250.42,true,331
445,9,Themselves other,productize leading-edge functionalities,clothing,https://i.picsum.photos/id/12/100/100.jpg?hmac=ZeFIkeBLVahcdHCJgLCcvoyDOXNjYgm4mKac6Y0cJQw,488.51,false,0
446,1,End value new bag,drive turn-key functionalities,misc,https://i.picsum.photos/id/240/100/100.jpg?hmac=s4hsCQCuOehBHCGru9MynVva_NJ34kmWu38XQ1Ry-VE,433.83,true,434
447,68,Theory per deep method federal,incentivize granular ROI,gadgets,https://i.picsum.photos/id/484/100/100.jpg?hmac=htnVVKFLLoNjX015NaqVX_ri2Od01F1pUEfxN7Vr6ls,34.12,false,0
448,53,Meet morning book whatever,embrace viral markets,media,https://i.picsum.photos/id/209/100/100.jpg?hmac=gI1mms5nNuxD5mTsd0n9Z75sGfujEYCl9J6xYuk39h0,481.71,true,290
449,34,With visit door admit visit,utilize bleeding-edge vortals,food,https://i.picsum.photos/id/450/100/100.jpg?hmac=zzJCVMAuJKcieFWNi-pYpdTBCE4_ns2CNsV5aXQ4dfM,322.94,true,146
450,32,Arm seven interest enter,productize one-to-one channels,misc,https://i.picsum.photos/id/459/100/100.jpg?hmac=xoctsuxLHOoSAWLa5tTdzmd-64yg2k6YxXb5huYV86g,60.47,false,0
451,34,Approach impact walk sometimes,empower clicks-and-mortar channels,media,https://i.picsum.photos/id/779/100/100.jpg?hmac=1RVPU81J2z6Yb8PpBXZQPHOOJjyagT8Km8ThLBwHu-I,171.28,true,39
452,54,Move authority compare peace,e-enable e-business technologies,misc,https://i.picsum.photos/id/451/100/100.jpg?hmac=UB5lEhpd8e4mPIfWVYHSIDhF0Zuw9XpeyhdnVfXli7E,389.99,false,0
453,7,Ground left north while measure,redefine visionary solutions,gadgets,https://i.picsum.photos/id/877/100/100.jpg?hmac=Ev7P8sLSwn4i8_ZiBSR0th4qH1Mpzi2MYm9nYjOwqKI,499.77,false,0
454,43,Peace the agency to sell,visualize sticky vortals,media,https://i.picsum.photos/id/862/100/100.jpg?hmac=fR-3LXTeXfNJv3tiJ_CdFmPGbKT2sZJX5U6Hdh5rVJo,216.47,true,68
455,47,Well religious those report,scale dynamic e-tailers,food,https://i.picsum.photos/id/527/100/100.jpg?hmac=f1pF6Fs0Ec7yXfnHPQwNi6Yh24hQyuybpCrIu_isS64,409.48,true,94
456,24,Front system,synergize innovative platforms,misc,https://i.picsum.photos/id/412/100/100.jpg?hmac=qeB6V_10EKvpMHYVjeZLd32eosUxnD9kHFawOsi5NPY,280.79,true,187
457,19,Group indeed feel,revolutionize distributed vortals,media,https://i.picsum.photos/id/1072/100/100.jpg?hmac=2URFlAbodfsDUu7SHApYb0BQ1VttP-0gAONrPHhvDaI,378.21,false,0
458,86,Production cause music,whiteboard synergistic vortals,food,https://i.picsum.photos/id/370/100/100.jpg?hmac=veRGC_kOm-b6Ne6er9iLM24hRM7hhyc5G0haDnohrNw,15.90,true,357
459,45,Professor business true guy,streamline mission-critical systems,misc,https://i.picsum.photos/id/884/100/100.jpg?hmac=HMwxDNALxMBZgAa1RBpR_sK2iwXb4d7PpowbCgRIrGM,447.81,true,9
460,58,Assume away debate positive,generate 24/365 convergence,gadgets,https://i.picsum.photos/id/171/100/100.jpg?hmac=fn_pZlGPW0cEKBixtXL_Ni7it77YOkZjhFBrkXLNrpY,3.38,false,0
461,86,Fund arrive,leverage transparent infrastructures,media,https://i.picsum.photos/id/887/100/100.jpg?hmac=E-gh6TgDQOKb3Yc2SwBTaIWdEAVQTZtlLe1JGSV-RZs,471.70,true,338
462,58,You provide fire hear,evolve plug-and-play models,food,https://i.picsum.photos/id/732/100/100.jpg?hmac=PGLatBPAK3PocMPW_072R87ot2xpC069cr8toLS2xhA,486.31,true,346
463,13,Between camera live note,monetize integrated synergies,misc,https://i.picsum.photos/id/972/100/100.jpg?hmac=E2qIcmTIyNQiCt9GwasPowU_ZyRy9z8FAg_bK4Al2-I,16.73,true,476
464,21,Concern worker laugh action short,re-contextualize collaborative models,media,https://i.picsum.photos/id/133/100/100.jpg?hmac=-5hFfOjiIgCJ0tJpfpGex5-jvzrBaxCY1rT8E6obgWA,137.83,false,0
465,43,Particular present between color public,drive revolutionary systems,media,https://i.picsum.photos/id/675/100/100.jpg?hmac=CbKzkHuq9buOsinXZiYT_AO6cFQmIGYzVX9kRVHboU4,450.61,false,0
466,54,Shake wife all,re-contextualize world-class architectures,media,https://i.picsum.photos/id/452/100/100.jpg?hmac=L9XO56HZXST0td9L4JlEe_yFjX1_jNFzIAczVB511G4,120.77,true,274
467,80,Window single there,scale B2C technologies,misc,https://i.picsum.photos/id/805/100/100.jpg?hmac=lPmvAV1xAi48nEjbGXQKWZtopfezf99MV1VFa-knovM,274.89,true,224
468,79,You eight,architect innovative e-business,gadgets,https://i.picsum.photos/id/120/100/100.jpg?hmac=BC6jd1daOdL8nIMMEl47rE-stUIat9SiLZyJ2aYGPf4,420.50,true,396
469,86,Space majority bit instead,generate bricks-and-clicks interfaces,gadgets,https://i.picsum.photos/id/35/100/100.jpg?hmac=BIb6DW4AcrDQOPF0VNWbKnNWgfUn0yXndvdbgTySvUo,418.97,false,0
470,85,According understand happen,evolve turn-key synergies,media,https://i.picsum.photos/id/320/100/100.jpg?hmac=HdG9yQHxBHk6PLNB_Mrr27atzIBKPt1TDYouleDLoiY,440.53,true,301
471,54,Various picture rule,visualize next-generation vortals,food,https://i.picsum.photos/id/866/100/100.jpg?hmac=ci1nxrYzr9SaVQenyuqBybKgVslILw_KRPf-cZjq4yg,8.26,false,0
472,9,Few beat civil,maximize user-centric functionalities,gadgets,https://i.picsum.photos/id/1074/100/100.jpg?hmac=rhA6Y0jlLmfCRzSJTN5jCV1MmQeespcxFwnjwFZKXKU,150.20,true,333
473,66,According capital political at,monetize visionary niches,clothing,https://i.picsum.photos/id/1066/100/100.jpg?hmac=dtf6dI6uEvLW11u0uuHpuWl5v-ygfs_KCamXNKxtgbg,263.69,true,322
474,87,Figure continue food whom,envisioneer cross-media systems,media,https://i.picsum.photos/id/825/100/100.jpg?hmac=GpQEJJVdA3B9FJz4VzPuBg4-Wyd_v1V2CfkRmabng3A,435.53,true,305
475,58,Enough information which,brand holistic markets,gadgets,https://i.picsum.photos/id/277/100/100.jpg?hmac=Jr9we0ZFBQSlNp3YEvPLXAmxOCHAhKxDsPn0s7cx33c,457.62,false,0
476,80,Follow half,whiteboard visionary partnerships,food,https://i.picsum.photos/id/948/100/100.jpg?hmac=zeLlzUrFNSzlY_SZe56xRUR838g9vaX_ULpHykgnb8U,425.95,false,0
477,83,Perhaps such those,visualize ubiquitous initiatives,gadgets,https://i.picsum.photos/id/373/100/100.jpg?hmac=GA8SLTraYSK3ExfsYIEeLOZIPghWOTtvCe3zyhKu1HY,347.57,false,0
478,69,Huge goal,implement synergistic web-readiness,misc,https://i.picsum.photos/id/559/100/100.jpg?hmac=bkMneXNmiWyAYIbAkW0j3XoN3i_pe7RJ93AbJ6rtgxY,240.64,false,0
479,28,Wide method,incubate dynamic metrics,misc,https://i.picsum.photos/id/402/100/100.jpg?hmac=RQT-m5HawmbhPK2XbnECPgWy4sxCUYhot0x9iHbVjN4,448.27,true,259
480,51,Near energy fund,grow B2C mindshare,misc,https://i.picsum.photos/id/345/100/100.jpg?hmac=fW1aLnpUTb_aQ2tjdKZXRgnpTUYPj0aV1C22oqBsUqE,9.76,false,0
481,32,Evening same trouble development,leverage interactive solutions,media,https://i.picsum.photos/id/108/100/100.jpg?hmac=qdy5bur8nX4zEQG8PdhxmYqlNYwEGgcRNymWNQbR6SI,378.31,true,393
482,34,Could number for as,synergize dynamic e-tailers,misc,https://i.picsum.photos/id/137/100/100.jpg?hmac=CO2wH0plCHM0iCJUMYMEWWFH3KndqDdOlEZqOswNdyg,309.26,false,0
483,20,Ready past trade believe,unleash extensible e-tailers,food,https://i.picsum.photos/id/143/100/100.jpg?hmac=SWSrz0o7b7I_sU67aHug7mwSY1xPfDNvB_e113DANmc,27.44,true,486
484,57,Find heavy development,engage out-of-the-box deliverables,misc,https://i.picsum.photos/id/834/100/100.jpg?hmac=Y2nEM6T8UXx3C3oBLqJhcCLp0RACxjmHgA6DhNZhFBU,55.80,false,0
485,50,Brother without thus perform,re-intermediate integrated deliverables,gadgets,https://i.picsum.photos/id/229/100/100.jpg?hmac=rr3nwhpjaZelGscaBcDMtEB6tPeMEWkqcNMlnnOh5fs,408.34,true,349
486,17,Check election,scale magnetic experiences,misc,https://i.picsum.photos/id/73/100/100.jpg?hmac=8787O-iAha-UZD7MlmY9vJ3-h2fIsF62c8YjY53HyAA,473.45,false,0
487,71,Week scientist recognize so,unleash collaborative web-readiness,clothing,https://i.picsum.photos/id/35/100/100.jpg?hmac=BIb6DW4AcrDQOPF0VNWbKnNWgfUn0yXndvdbgTySvUo,278.52,true,212
488,85,Operation next black bag,facilitate next-generation users,gadgets,https://i.picsum.photos/id/535/100/100.jpg?hmac=RE_OMIS3blc16EHbcFwrlITHJBoLDToUZ_1ZeRKeXZw,332.27,false,0
489,59,Piece time on,envisioneer collaborative relationships,food,https://i.picsum.photos/id/2/100/100.jpg?hmac=Y2da7WhwSnMn7y41c8WEc1ZO_AGIhVD3zTzghi4-Hiw,427.92,true,175
490,97,Least mother anything western,reinvent rich experiences,gadgets,https://i.picsum.photos/id/110/100/100.jpg?hmac=REr0rIo2w0t6UvdHEOLEk2cDUcozkAQj-H5qqnj-oJg,325.65,true,82
491,75,Put upon,innovate granular bandwidth,food,https://i.picsum.photos/id/588/100/100.jpg?hmac=0tdAjW6PmD697sTrpAD7cgn1itQDXijg5m3Ct06Vbw4,61.66,false,0
492,96,Into dinner both in,extend holistic metrics,misc,https://i.picsum.photos/id/403/100/100.jpg?hmac=u69eaQcW-fHFQXgCTwIlurxwv6IjJLNxlW_RDazTuaA,262.11,false,0
493,38,Game look,repurpose seamless platforms,misc,https://i.picsum.photos/id/1065/100/100.jpg?hmac=53zBwi6JQf7UkPjcZCCTo3SyGooWz_of1WzOY7CbaqU,403.47,true,466
494,99,Shake social production consider state,enhance enterprise supply-chains,misc,https://i.picsum.photos/id/296/100/100.jpg?hmac=YwX9KxjMDqiZ6USgHu_TA3omDfD3jWVtm98rhRvLEPk,419.01,false,0
495,43,Thing daughter indicate scientist offer,brand cutting-edge info-mediaries,clothing,https://i.picsum.photos/id/585/100/100.jpg?hmac=aT28j06l-pFS46D95AKOAzzQYhk2lrnAWZ28cQzydn8,81.61,true,398
496,24,Many ability,transform granular deliverables,clothing,https://i.picsum.photos/id/845/100/100.jpg?hmac=5rZ4YGatIsJ9XnHr80ZeJ1H4bqZXMHcwGpn-DshKTHU,348.94,true,352
497,15,Country toward claim civil,deploy open-source mindshare,clothing,https://i.picsum.photos/id/698/100/100.jpg?hmac=eHLTYH2Yid0cjkXJGEjSfM1VgFIkilBbpCwhY4sOgF0,345.58,true,57
498,14,Modern bit no,unleash strategic e-business,food,https://i.picsum.photos/id/213/100/100.jpg?hmac=YbHzeM4eZvbG8HTXzDTcKTWUqrF7xSD4ghXVV88XM94,4.23,false,0
499,58,Modern within finally price stuff,maximize magnetic vortals,gadgets,https://i.picsum.photos/id/835/100/100.jpg?hmac=rg77kVWIjd-eY_oioY8XcZvhVboZOMDk2NwL0ccYL34,390.16,false,0
